범죄대분류,범죄중분류,범죄소분류,발생,검거,발생건수 대비 검거건수,검거인원(계),검거인원(남),검거인원(여),불상,법인체
강력범죄,살인기수,살인,38,38,100,43,40,3,-,-
강력범죄,살인기수,영아살해,2,3,150,3,-,3,-,-
강력범죄,살인기수,존속살해,3,2,66.7,2,2,-,-,-
강력범죄,살인기수,촉탁·승락살인,-,-,-,-,-,-,-,-
강력범죄,살인기수,자살교사·방조,4,4,100,4,3,1,-,-
강력범죄,살인기수,위계·위력·촉탁·승락살인,-,-,-,-,-,-,-,-
강력범죄,살인기수,특가법(보복살인등),-,-,-,-,-,-,-,-
강력범죄,살인미수등,살인,94,94,100,111,102,9,-,-
강력범죄,살인미수등,영아살해,-,-,-,1,1,-,-,-
강력범죄,살인미수등,존속살해,4,3,75,6,5,1,-,-
강력범죄,살인미수등,촉탁·승락살인,-,-,-,-,-,-,-,-
강력범죄,살인미수등,자살교사·방조,3,3,100,8,6,2,-,-
강력범죄,살인미수등,위계·위력·촉탁·승락살인,-,-,-,-,-,-,-,-
강력범죄,강도,강도,41,39,95.1,38,37,1,-,-
강력범죄,강도,준강도,41,37,90.2,38,34,4,-,-
강력범죄,강도,특수강도,83,81,97.6,172,138,24,10,-
강력범죄,강도,준특수강도,-,-,-,-,-,-,-,-
강력범죄,강도,강도상해·치상,85,83,97.6,144,130,8,6,-
강력범죄,강도,강도살인·치사,5,5,100,7,7,-,-,-
강력범죄,강도,해상강도(살인·치사·상해·치상),-,-,-,-,-,-,-,-
강력범죄,강도,인질강도,1,3,300,8,7,-,1,-
강력범죄,강도,강도강간,4,7,175,6,6,-,-,-
강력범죄,강도,(특수·인질·해상)강도(상습),1,1,100,1,1,-,-,-
강력범죄,강도,특가법(강도),1,1,100,1,1,-,-,-
강력범죄,강도,특가법(강도상해재범),-,-,-,-,-,-,-,-
강력범죄,강간,강간,494,477,96.6,494,486,5,3,-
강력범죄,강간,강간(상습),-,-,-,-,-,-,-,-
강력범죄,강간,준강간,317,299,94.3,320,315,2,3,-
강력범죄,강간,준강간(상습),-,-,-,-,-,-,-,-
강력범죄,강간,강간상해·치상,70,71,101.4,73,73,-,-,-
강력범죄,강간,강간살인·치사,2,2,100,2,2,-,-,-
강력범죄,강간,미성년자간음(심신미약자),1,1,100,-,-,-,-,-
강력범죄,강간,업무상위력에의한간음,4,3,75,3,3,-,-,-
강력범죄,강간,친족관계에의한강간,16,14,87.5,13,13,-,-,-
강력범죄,강간,장애인에대한강간·간음,35,28,80,39,38,-,1,-
강력범죄,강간,청소년에대한강간·간음,101,93,92.1,120,112,3,5,-
강력범죄,강간,미성년자의제강간,4,4,100,5,5,-,-,-
강력범죄,강간,13세미만미성년자강간·간음,7,6,85.7,6,6,-,-,-
강력범죄,강간,특수강간(준),43,40,93,98,95,1,2,-
강력범죄,강간,주거침입강간,30,27,90,34,34,-,-,-
강력범죄,강간,특수절도강간,-,-,-,-,-,-,-,-
강력범죄,강간,특수강도강간,7,7,100,5,5,-,-,-
강력범죄,강간,아동학대처벌법위반(상습강간·간음),-,-,-,-,-,-,-,-
강력범죄,유사강간,유사강간,75,67,89.3,69,68,1,-,-
강력범죄,유사강간,유사강간(상습),-,-,-,-,-,-,-,-
강력범죄,유사강간,준유사강간,17,14,82.4,16,16,-,-,-
강력범죄,유사강간,준유사강간(상습),-,-,-,-,-,-,-,-
강력범죄,유사강간,유사강간상해·치상,2,2,100,2,2,-,-,-
강력범죄,유사강간,유사강간살인·치사,-,-,-,-,-,-,-,-
강력범죄,유사강간,미성년자의제유사강간,-,-,-,-,-,-,-,-
강력범죄,유사강간,유사성행위,24,24,100,23,23,-,-,-
강력범죄,유사강간,주거침입유사강간,3,3,100,4,4,-,-,-
강력범죄,유사강간,특수절도유사강간,-,-,-,-,-,-,-,-
강력범죄,유사강간,특수강도유사강간,2,2,100,2,2,-,-,-
강력범죄,유사강간,아동학대처벌법위반(상습유사강간),-,-,-,-,-,-,-,-
강력범죄,강제추행,강제추행,"2,759","2,579",93.5,"2,720","2,617",72,31,-
강력범죄,강제추행,강제추행(상습),1,-,-,1,1,-,-,-
강력범죄,강제추행,준강제추행,200,192,96,206,201,2,3,-
강력범죄,강제추행,준강제추행(상습),-,-,-,-,-,-,-,-
강력범죄,강제추행,강제추행상해·치상,25,24,96,25,23,2,-,-
강력범죄,강제추행,강제추행살인·치사,-,-,-,-,-,-,-,-
강력범죄,강제추행,업무상위력등에의한추행,60,58,96.7,66,63,3,-,-
강력범죄,강제추행,친족관계에의한강제추행,30,30,100,34,33,1,-,-
강력범죄,강제추행,장애인에대한강제추행·추행,56,54,96.4,58,58,-,-,-
강력범죄,강제추행,청소년에대한강제추행·추행,217,202,93.1,221,214,5,2,-
강력범죄,강제추행,미성년자추행(심신미약자),1,1,100,1,1,-,-,-
강력범죄,강제추행,미성년자의제강제추행,-,-,-,-,-,-,-,-
강력범죄,강제추행,13세미만미성년자강제추행·추행,139,126,90.6,146,132,6,8,-
강력범죄,강제추행,공중밀집장소에서의추행,"1,151","1,015",88.2,"1,039","1,029",6,4,-
강력범죄,강제추행,특수강제추행(준),10,8,80,15,13,2,-,-
강력범죄,강제추행,주거침입강제추행,24,23,95.8,21,21,-,-,-
강력범죄,강제추행,특수절도강제추행,3,3,100,2,2,-,-,-
강력범죄,강제추행,특수강도강제추행,-,-,-,-,-,-,-,-
강력범죄,강제추행,아동학대처벌법위반(상습강제추행·추행),-,-,-,-,-,-,-,-
강력범죄,기타 강간·강제추행등,강간등상해·치상,17,16,94.1,16,15,-,1,-
강력범죄,기타 강간·강제추행등,강간등살인·치사,1,1,100,1,1,-,-,-
강력범죄,기타 강간·강제추행등,친족관계에의한강간등,-,-,-,-,-,-,-,-
강력범죄,기타 강간·강제추행등,장애인에대한준강간등,4,3,75,5,5,-,-,-
강력범죄,기타 강간·강제추행등,청소년에대한강간등,27,24,88.9,35,35,-,-,-
강력범죄,기타 강간·강제추행등,미성년자의제강간등,-,-,-,-,-,-,-,-
강력범죄,기타 강간·강제추행등,13세미만미성년자강간등,3,3,100,4,3,-,1,-
강력범죄,기타 강간·강제추행등,주거침입강간등,10,9,90,10,10,-,-,-
강력범죄,기타 강간·강제추행등,특수절도강간등,-,-,-,-,-,-,-,-
강력범죄,기타 강간·강제추행등,특수강도강간등,10,10,100,11,11,-,-,-
강력범죄,기타 강간·강제추행등,성폭력범죄의처벌및피해자보호등에관한법률위반,-,-,-,-,-,-,-,-
강력범죄,방화,방화,-,-,-,-,-,-,-,-
강력범죄,방화,현주·공용건조물등방화,160,148,92.5,157,117,40,-,-
강력범죄,방화,현주건조물등방화치상,4,3,75,3,3,-,-,-
강력범죄,방화,현주건조물등방화치사,3,2,66.7,3,3,-,-,-
강력범죄,방화,일반건조물등방화,86,67,77.9,74,66,7,1,-
강력범죄,방화,자기소유건조물등방화,10,10,100,9,8,1,-,-
강력범죄,방화,방화연소,7,4,57.1,4,4,-,-,-
강력범죄,방화,진화방해,-,-,-,-,-,-,-,-
강력범죄,방화,폭발성물건파열(치사·상),1,-,-,-,-,-,-,-
강력범죄,방화,폭발성물건파열(과실),1,1,100,2,2,-,-,-
강력범죄,방화,가스등방출(치사·상),3,3,100,3,3,-,-,-
강력범죄,방화,가스등방출(과실),-,-,-,-,-,-,-,-
강력범죄,방화,가스등공급사용방해(치사·상),1,-,-,1,-,-,1,-
강력범죄,방화,가스등공급사용방해(과실),1,1,100,1,1,-,-,-
강력범죄,방화,자동차방화,9,8,88.9,9,9,-,-,-
절도범죄,절도범죄,절도,"42,618","18,883",44.3,"17,074","11,923","4,860",291,1
절도범죄,절도범죄,절도(상습),642,583,90.8,347,289,58,-,-
절도범죄,절도범죄,특수절도,"2,352","2,035",86.5,"4,138","3,376",705,57,-
절도범죄,절도범죄,특수절도(상습),96,162,168.8,18,17,1,-,-
절도범죄,절도범죄,야간주거침입절도,"1,020",794,77.8,500,475,24,1,-
절도범죄,절도범죄,야간주거침입절도(상습),20,8,40,9,9,-,-,-
절도범죄,절도범죄,불법사용,62,52,83.9,90,85,4,1,-
절도범죄,절도범죄,불법사용(상습),-,-,-,-,-,-,-,-
절도범죄,절도범죄,특가법(절도),47,49,104.3,33,29,4,-,-
절도범죄,절도범죄,특가법(단체등의조직),-,-,-,-,-,-,-,-
폭력범죄,상해,상해,"6,872","6,570",95.6,"9,045","7,672","1,298",75,-
폭력범죄,상해,상해(중),10,10,100,11,11,-,-,-
폭력범죄,상해,상해(상습),1,1,100,2,1,1,-,-
폭력범죄,상해,상해(상습중),-,-,-,-,-,-,-,-
폭력범죄,상해,상해치사,5,5,100,6,6,-,-,-
폭력범죄,상해,존속상해,53,51,96.2,58,46,12,-,-
폭력범죄,상해,존속상해(중),-,-,-,-,-,-,-,-
폭력범죄,상해,존속상해(상습),-,-,-,-,-,-,-,-
폭력범죄,상해,존속상해(상습중),-,-,-,-,-,-,-,-
폭력범죄,상해,존속상해치사,3,3,100,3,3,-,-,-
폭력범죄,상해,특가법(보복상해등),8,8,100,11,9,2,-,-
폭력범죄,상해,아동학대처벌법위반(상습상해),-,-,-,-,-,-,-,-
폭력범죄,상해,특수상해,1,1,100,2,2,-,-,-
폭력범죄,상해,특수상해(중),-,-,-,-,-,-,-,-
폭력범죄,상해,특수상해(상습),1,1,100,1,1,-,-,-
폭력범죄,상해,존속상해(특수),3,3,100,3,2,1,-,-
폭력범죄,폭행,폭행,"36,083","34,039",94.3,"47,901","39,675","7,743",483,-
폭력범죄,폭행,폭행(상습),16,17,106.3,19,18,1,-,-
폭력범죄,폭행,폭행치상,418,408,97.6,543,466,75,2,-
폭력범죄,폭행,폭행치사,8,8,100,10,8,1,1,-
폭력범죄,폭행,특수폭행,"1,367","1,319",96.5,"1,781","1,557",209,15,-
폭력범죄,폭행,특수폭행(상습),-,-,-,-,-,-,-,-
폭력범죄,폭행,특수폭행치상,32,34,106.3,42,37,5,-,-
폭력범죄,폭행,특수폭행치사,-,-,-,-,-,-,-,-
폭력범죄,폭행,존속폭행,371,359,96.8,448,349,98,1,-
폭력범죄,폭행,존속폭행(특수),5,5,100,5,4,1,-,-
폭력범죄,폭행,존속폭행(상습),1,1,100,1,1,-,-,-
폭력범죄,폭행,존속폭행치상,4,4,100,4,2,2,-,-
폭력범죄,폭행,존속폭행치사,-,-,-,-,-,-,-,-
폭력범죄,폭행,특가법(운전자폭행등),"1,005",998,99.3,"1,041",983,57,1,-
폭력범죄,폭행,특가법(보복폭행등),18,17,94.4,16,13,3,-,-
폭력범죄,폭행,특가법(보복범죄등),15,15,100,10,9,1,-,-
폭력범죄,폭행,아동학대처벌법위반(상습폭행),7,8,114.3,7,4,3,-,-
폭력범죄,체포·감금,체포·감금,222,199,89.6,287,225,52,10,-
폭력범죄,체포·감금,체포·감금(중),8,8,100,9,8,1,-,-
폭력범죄,체포·감금,체포·감금(특수·특수중),19,19,100,51,42,6,3,-
폭력범죄,체포·감금,체포·감금(상습·상습중),-,-,-,-,-,-,-,-
폭력범죄,체포·감금,체포·감금치사상(중·특수·상습),14,13,92.9,19,16,1,2,-
폭력범죄,체포·감금,존속체포·감금,8,7,87.5,13,7,6,-,-
폭력범죄,체포·감금,존속체포·감금(중),-,-,-,-,-,-,-,-
폭력범죄,체포·감금,존속체포·감금(특수·특수중),-,-,-,-,-,-,-,-
폭력범죄,체포·감금,존속체포·감금(상습·상습중),-,-,-,-,-,-,-,-
폭력범죄,체포·감금,존속체포·감금치사상(중·특수·상습),-,-,-,-,-,-,-,-
폭력범죄,체포·감금,특가법(보복체포·감금등),1,1,100,-,-,-,-,-
폭력범죄,체포·감금,아동학대처벌법위반(상습체포·감금),1,1,100,1,-,1,-,-
폭력범죄,협박,협박,"1,506","1,310",87,"1,641","1,383",205,53,-
폭력범죄,협박,협박(특수),"1,444","1,461",101.2,"1,579","1,452",118,9,-
폭력범죄,협박,협박(상습),5,3,60,5,2,3,-,-
폭력범죄,협박,협박(상습특수),-,-,-,-,-,-,-,-
폭력범죄,협박,존속협박,34,35,102.9,37,31,6,-,-
폭력범죄,협박,존속협박(특수),8,8,100,8,7,1,-,-
폭력범죄,협박,존속협박(상습),-,-,-,-,-,-,-,-
폭력범죄,협박,존속협박(상습특수),-,-,-,-,-,-,-,-
폭력범죄,협박,특가법(운전자협박),-,-,-,-,-,-,-,-
폭력범죄,협박,특가법(보복협박등),34,34,100,26,25,1,-,-
폭력범죄,협박,아동학대처벌법위반(상습협박),-,-,-,-,-,-,-,-
폭력범죄,약취·유인,약취·유인(미성년자),17,16,94.1,34,22,10,2,-
폭력범죄,약취·유인,약취·유인(추행·간음·결혼·영리),18,12,66.7,22,22,-,-,-
폭력범죄,약취·유인,약취·유인(노동력착취·성매매·성적착취·장기적출),1,1,100,2,1,1,-,-
폭력범죄,약취·유인,인신매매,-,-,-,-,-,-,-,-
폭력범죄,약취·유인,인신매매(추행·간음·결혼·영리),-,-,-,-,-,-,-,-
폭력범죄,약취·유인,인신매매등(노동력착취·성매매·성적착취·장기적출),-,-,-,-,-,-,-,-
폭력범죄,약취·유인,국외이송약취·유인·인신매매,-,-,-,-,-,-,-,-
폭력범죄,약취·유인,피약취자·피유인자·피매매자(상해·치상),-,-,-,-,-,-,-,-
폭력범죄,약취·유인,피약취자·피유인자·피매매자(살해·치사),-,-,-,-,-,-,-,-
폭력범죄,약취·유인,피약취자·피유인자·피매매자(수수·은닉),-,-,-,-,-,-,-,-
폭력범죄,약취·유인,특가법(약취·유인등),-,-,-,-,-,-,-,-
폭력범죄,약취·유인,특가법(13세미만약취·유인),-,-,-,-,-,-,-,-
폭력범죄,약취·유인,아동복지법위반(아동매매),-,-,-,-,-,-,-,-
폭력범죄,약취·유인,아동학대처벌법위반(상습국외이송),-,-,-,-,-,-,-,-
폭력범죄,약취·유인,아동학대처벌법위반(상습약취·유인·인신매매),-,-,-,-,-,-,-,-
폭력범죄,약취·유인,아동학대처벌법위반(상습피약취자·피매매자·피유인자),-,-,-,-,-,-,-,-
폭력범죄,폭력행위등,폭력행위등처벌에관한법률위반(상습),25,24,96,19,17,2,-,-
폭력범죄,폭력행위등,폭력행위등처벌에관한법률위반(공동),"2,344","2,128",90.8,"8,050","6,314","1,494",242,2
폭력범죄,폭력행위등,"폭력행위등처벌에관한법률위반(집단,흉기등)",120,117,97.5,162,133,25,4,-
폭력범죄,폭력행위등,"폭력행위등처벌에관한법률위반(상습집단,흉기등)",6,5,83.3,5,4,1,-,-
폭력범죄,폭력행위등,폭력행위등처벌에관한법률위반(야간·공동),-,-,-,-,-,-,-,-
폭력범죄,폭력행위등,폭력행위등처벌에관한법률위반(야간집단흉기등),-,-,-,-,-,-,-,-
폭력범죄,폭력행위등,폭력행위등처벌에관한법률위반(단체등의구성·활동),2,4,200,53,53,-,-,-
폭력범죄,폭력행위등,폭력행위등처벌에관한법률위반(단체등의[상습·공동·집단흉기등·상습집단흉기등])),20,19,95,43,32,11,-,-
폭력범죄,폭력행위등,폭력행위등처벌에관한법률위반(단체등의이용·지원),-,-,-,-,-,-,-,-
폭력범죄,폭력행위등,폭력행위등처벌에관한법률위반(우범자),104,104,100,111,108,3,-,-
폭력범죄,공갈,공갈,667,492,73.8,820,601,131,88,-
폭력범죄,공갈,공갈(상습),29,29,100,8,7,1,-,-
폭력범죄,공갈,특경법(공갈),5,4,80,22,17,5,-,1
폭력범죄,공갈,아동학대처벌법위반(상습공갈),-,-,-,-,-,-,-,-
폭력범죄,공갈,특수공갈,4,4,100,20,15,4,1,-
폭력범죄,손괴,손괴의죄,"11,672","6,017",51.6,"6,983","5,800",908,275,-
폭력범죄,손괴,아동학대처벌법위반(상습손괴),-,-,-,-,-,-,-,-
지능범죄,직무유기,직무유기·수행거부,112,53,47.3,151,89,22,40,-
지능범죄,직무유기,특가법(직무유기),-,-,-,-,-,-,-,-
지능범죄,직무유기,폭력행위등처벌에관한법률위반(직무유기),-,-,-,-,-,-,-,-
지능범죄,직권남용,직권남용(권리행사방해·체포·감금),81,44,54.3,129,76,22,31,-
지능범죄,직권남용,독직폭행·가혹행위,39,27,69.2,60,53,-,7,-
지능범죄,직권남용,피의사실공표,-,-,-,-,-,-,-,-
지능범죄,직권남용,공무상비밀누설,6,5,83.3,10,7,2,1,-
지능범죄,직권남용,선거방해,1,1,100,1,1,-,-,-
지능범죄,직권남용,"특가법(체포·감금,독직폭행·가혹행위)",3,3,100,7,6,1,-,-
지능범죄,증수뢰,뇌물수수등,29,19,65.5,45,36,8,1,-
지능범죄,증수뢰,뇌물공여등,9,6,66.7,34,25,5,4,-
지능범죄,증수뢰,특가법(뇌물),6,4,66.7,9,7,-,2,-
지능범죄,증수뢰,특가법(알선수재),-,-,-,2,1,1,-,-
지능범죄,증수뢰,부패방지법,-,-,-,-,-,-,-,-
지능범죄,증수뢰,부정청탁금지법,-,-,-,-,-,-,-,-
지능범죄,통화,통화위조·변조,628,13,2.1,451,35,5,411,2
지능범죄,통화,특가법(통화위조),20,-,-,18,7,-,11,-
지능범죄,통화,기타통화에관한죄,219,9,4.1,123,16,1,106,-
지능범죄,문서·인장,공문서위조·변조,581,457,78.7,953,602,256,95,-
지능범죄,문서·인장,공전자기록등위작·변작,3,2,66.7,4,3,1,-,-
지능범죄,문서·인장,사문서위조·변조,"2,137","1,638",76.6,"3,216","2,221",773,222,31
지능범죄,문서·인장,사전자기록등위작·변작,80,24,30,83,32,10,41,-
지능범죄,문서·인장,공인등의위조·부정사용및행사,94,84,89.4,101,92,1,8,-
지능범죄,문서·인장,사인등의위조·부정사용및행사,57,45,78.9,86,49,21,16,4
지능범죄,유가증권인지,유가증권위조·변조,101,73,72.3,164,134,15,15,2
지능범죄,유가증권인지,우표(인지)등위조·변조,-,-,-,-,-,-,-,-
지능범죄,사기,사기,"49,206","34,116",69.3,"64,517","42,089","12,385","10,043",164
지능범죄,사기,사기(상습),504,290,57.5,270,256,13,1,-
지능범죄,사기,준사기,18,14,77.8,26,18,7,1,1
지능범죄,사기,준사기(상습),-,-,-,-,-,-,-,-
지능범죄,사기,컴퓨터등사용사기,"1,207",542,44.9,"1,795",635,212,948,2
지능범죄,사기,편의시설부정이용,11,18,163.6,27,23,2,2,-
지능범죄,사기,부당이득,12,8,66.7,16,14,2,-,-
지능범죄,사기,부당이득(상습),-,-,-,-,-,-,-,-
지능범죄,사기,특경법(사기),866,681,78.6,"2,391","1,831",488,72,27
지능범죄,사기,보험사기방지특별법위반,6,7,116.7,9,8,1,-,-
지능범죄,횡령,횡령,"2,979","2,316",77.7,"3,626","2,831",695,100,7
지능범죄,횡령,업무상횡령,"1,591","1,373",86.3,"2,498","1,889",553,56,5
지능범죄,횡령,점유이탈물등횡령,"10,603","2,936",27.7,"3,209","2,215",868,126,-
지능범죄,횡령,특경법(횡령),216,173,80.1,439,348,88,3,-
지능범죄,배임,배임,259,216,83.4,434,264,157,13,4
지능범죄,배임,업무상배임,531,458,86.3,"1,056",844,165,47,9
지능범죄,배임,배임수재,52,47,90.4,107,104,2,1,1
지능범죄,배임,배임증재,9,7,77.8,92,87,4,1,-
지능범죄,배임,특경법(배임),167,138,82.6,424,332,70,22,3
지능범죄,배임,특경법(수재등),4,4,100,7,6,1,-,-
지능범죄,배임,특경법(증재등),1,1,100,5,4,1,-,-
지능범죄,배임,특경법(알선수재),6,7,116.7,11,10,1,-,-
풍속범죄,성풍속범죄,간통,-,-,-,-,-,-,-,-
풍속범죄,성풍속범죄,혼인빙자간음,-,1,-,5,3,2,-,-
풍속범죄,성풍속범죄,혼인빙자간음(위계간음),-,-,-,-,-,-,-,-
풍속범죄,성풍속범죄,공연음란,579,478,82.6,515,484,18,13,-
풍속범죄,성풍속범죄,음행매개,-,-,-,-,-,-,-,-
풍속범죄,성풍속범죄,"음화등반포(판매,임대,전시,제조)",14,13,92.9,18,1,17,-,1
풍속범죄,성풍속범죄,정보통신망이용촉진및정보보호등에관한법률(음란물유포),423,270,63.8,473,341,62,70,2
풍속범죄,성풍속범죄,성폭력범죄의처벌등에관한특례법(카메라등이용촬영),"1,974","1,809",91.6,"1,722","1,683",28,11,-
풍속범죄,성풍속범죄,성폭력범죄의처벌등에관한특례법(통신매체이용음란),241,221,91.7,277,245,15,17,-
풍속범죄,성풍속범죄,성폭력범죄의처벌등에관한특례법(성적목적공공장소침입),105,84,80,95,95,-,-,-
풍속범죄,성풍속범죄,아동·청소년의성보호에관한법률위반(음란물제작배포등),112,102,91.1,117,111,3,3,1
풍속범죄,성풍속범죄,풍속영업의규제에관한법률,45,45,100,126,69,57,-,-
풍속범죄,도박범죄,도박,"1,036",995,96,"3,779","3,063",668,48,-
풍속범죄,도박범죄,도박(상습),68,104,152.9,168,155,9,4,-
풍속범죄,도박범죄,도박개장,132,123,93.2,509,338,154,17,-
풍속범죄,도박범죄,복표발매(중개·취득),-,-,-,-,-,-,-,-
풍속범죄,도박범죄,사행행위등규제및처벌특례법,915,926,101.2,"2,292","2,181",88,23,-
특별경제범죄,특별경제범죄,"신용,업무와경매에관한죄","5,900","5,738",97.3,"7,899","6,382","1,359",158,6
특별경제범죄,특별경제범죄,여신전문금융업법위반,786,435,55.3,829,550,179,100,82
특별경제범죄,특별경제범죄,대부업의등록및금융이용자보호에관한법률,199,151,75.9,383,214,82,87,8
특별경제범죄,특별경제범죄,유사수신행위의규제에관한법률,335,220,65.7,870,583,284,3,38
특별경제범죄,특별경제범죄,전자금융거래법위반,"1,272","1,049",82.5,"4,747","3,293","1,348",106,3
특별경제범죄,특별경제범죄,부정수표단속법,614,361,58.8,452,369,56,27,6
특별경제범죄,특별경제범죄,조세범처벌법,627,548,87.4,"1,003",859,135,9,366
특별경제범죄,특별경제범죄,관세법,4,2,50,5,4,-,1,1
특별경제범죄,특별경제범죄,외국환거래법,33,32,97,95,57,37,1,1
특별경제범죄,특별경제범죄,지방세법,39,30,76.9,47,37,10,-,24
특별경제범죄,특별경제범죄,저작권법,"6,305","2,163",34.3,"6,420","2,406",620,"3,394",420
특별경제범죄,특별경제범죄,특허법,56,42,75,71,53,11,7,29
특별경제범죄,특별경제범죄,상표법,884,821,92.9,"1,277",824,419,34,93
특별경제범죄,특별경제범죄,실용신안법,10,8,80,20,15,3,2,3
특별경제범죄,특별경제범죄,디자인보호법,59,44,74.6,90,64,15,11,22
특별경제범죄,특별경제범죄,컴퓨터프로그램보호법,-,-,-,-,-,-,-,-
특별경제범죄,특별경제범죄,특가법(관세),-,-,-,-,-,-,-,-
특별경제범죄,특별경제범죄,특가법(국고손실),1,1,100,1,1,-,-,-
특별경제범죄,특별경제범죄,특가법(조세),79,68,86.1,189,170,18,1,73
특별경제범죄,특별경제범죄,특경법(무인가단기금융업),-,-,-,-,-,-,-,-
특별경제범죄,특별경제범죄,특경법(사금융알선등),2,2,100,2,2,-,-,-
특별경제범죄,특별경제범죄,특경법(재산국외도피),1,-,-,-,-,-,-,-
특별경제범죄,특별경제범죄,기타경제범죄,218,261,119.7,682,505,148,29,32
마약범죄,마약범죄,아편·몰핀에관한죄,-,-,-,-,-,-,-,-
마약범죄,마약범죄,마약류관리에관한법률(대마),218,196,89.9,335,293,40,2,-
마약범죄,마약범죄,마약류관리에관한법률(마약),25,20,80,37,25,9,3,-
마약범죄,마약범죄,마약류관리에관한법률(향정),"1,202","1,089",90.6,"1,615","1,258",327,30,2
마약범죄,마약범죄,마약류불법거래방지에관한특례법,20,1,5,-,-,-,-,-
마약범죄,마약범죄,특가법(마약),-,-,-,2,1,1,-,-
마약범죄,마약범죄,특가법(향정),-,-,-,-,-,-,-,-
보건범죄,보건범죄,음용수에관한죄,7,5,71.4,7,7,-,-,-
보건범죄,보건범죄,공중위생관리법,755,754,99.9,809,459,350,-,22
보건범죄,보건범죄,식품위생법,"1,504","1,461",97.1,"2,209",834,"1,361",14,31
보건범죄,보건범죄,의료법,670,633,94.5,"2,063","1,248",787,28,39
보건범죄,보건범죄,약사법,273,265,97.1,906,719,175,12,16
보건범죄,보건범죄,전염병예방법,-,-,-,-,-,-,-,-
보건범죄,보건범죄,보건범죄특조법(부정식품),-,-,-,-,-,-,-,-
보건범죄,보건범죄,보건범죄특조법(부정의료업자),39,34,87.2,62,29,33,-,-
보건범죄,보건범죄,보건범죄특조법(부정의약품),3,2,66.7,8,6,2,-,1
보건범죄,보건범죄,기타보건범죄,627,606,96.7,873,470,356,47,63
환경범죄,환경범죄,대기환경보전법,15,15,100,18,18,-,-,5
환경범죄,환경범죄,토양환경보전법,2,3,150,4,3,1,-,3
환경범죄,환경범죄,수질환경보전법,-,-,-,-,-,-,-,-
환경범죄,환경범죄,야생생물보호및관리에관한법률위반,8,7,87.5,7,6,1,-,-
환경범죄,환경범죄,특가법(산림),-,-,-,-,-,-,-,-
환경범죄,환경범죄,폐기물관리법,16,17,106.3,33,31,2,-,6
환경범죄,환경범죄,해양환경관리법,-,-,-,-,-,-,-,-
환경범죄,환경범죄,환경범죄의단속에관한특별조치법,-,-,-,-,-,-,-,-
환경범죄,환경범죄,기타환경범죄,17,17,100,36,17,19,-,2
교통범죄,교통사고,교통사고처리특례법(인피교통사고),"35,318","34,092",96.5,"36,103","29,628","5,702",773,3
교통범죄,교통사고,도로교통법(물피교통사고),"2,957","2,657",89.9,"3,675","3,089",306,280,1
교통범죄,교통사고,도로교통법(물피교통사고미조치),"2,507","1,657",66.1,"2,567","1,666",217,684,-
교통범죄,교통사고,특가법(도주차량),"1,073","1,025",95.5,"1,101",959,106,36,-
교통범죄,교통사고,특가법(위험운전치사상),"1,608","1,601",99.6,"1,574","1,402",172,-,-
교통범죄,교통사고외,교통방해의죄,768,464,60.4,611,498,106,7,-
교통범죄,교통사고외,도로교통법(공동위험행위),10,14,140,128,124,4,-,-
교통범죄,교통사고외,도로교통법(무면허운전),"7,795","8,122",104.2,"8,381","7,753",624,4,-
교통범죄,교통사고외,도로교통법(음주운전),"21,748","22,470",103.3,"22,683","20,415","2,267",1,-
교통범죄,교통사고외,도로교통법(음주측정거부),272,270,99.3,270,248,22,-,-
교통범죄,교통사고외,도로법,195,243,124.6,292,215,73,4,27
교통범죄,교통사고외,기타교통범죄,-,-,-,-,-,-,-,-
노동범죄,노동범죄,근로기준법,2,2,100,3,2,1,-,1
노동범죄,노동범죄,노동조합및노동관계조정법,4,5,125,11,10,1,-,1
노동범죄,노동범죄,산업안전보건법,4,4,100,7,6,-,1,1
노동범죄,노동범죄,직업안정법,115,110,95.7,299,234,63,2,4
노동범죄,노동범죄,기타노동범죄,385,371,96.4,744,353,390,1,81
안보범죄,안보범죄,공안을해하는죄,8,7,87.5,29,24,2,3,-
안보범죄,안보범죄,국가보안법,9,7,77.8,6,5,1,-,-
안보범죄,안보범죄,기타안보범죄,2,1,50,1,1,-,-,-
선거범죄,선거범죄,공직선거법,173,145,83.8,297,209,61,27,1
선거범죄,선거범죄,정당법,1,-,-,-,-,-,-,-
선거범죄,선거범죄,정치자금법,3,2,66.7,4,4,-,-,-
선거범죄,선거범죄,기타선거범죄,2,1,50,2,1,-,1,-
병역범죄,병역범죄,병역법,"1,670","1,518",90.9,"1,858","1,816",42,-,-
병역범죄,병역범죄,예비군법위반,"2,491","2,386",95.8,"2,751","2,749",2,-,-
병역범죄,병역범죄,기타병역범죄,2,1,50,2,2,-,-,-
기타범죄,기타범죄,가정폭력범죄의처벌등에관한특례법위반,23,22,95.7,22,21,1,-,-
기타범죄,기타범죄,개인정보 보호법,280,219,78.2,580,332,179,69,79
기타범죄,기타범죄,건설산업기본법,538,172,32,361,326,34,1,46
기타범죄,기타범죄,건설폐기물의재활용촉진에관한법률,-,-,-,5,5,-,-,-
기타범죄,기타범죄,건축법,389,373,95.9,583,394,173,16,63
기타범죄,기타범죄,게임산업진흥에관한법률,"1,248","1,211",97,"1,795","1,492",245,58,7
기타범죄,기타범죄,경범죄처벌법,"1,588","1,524",96,"1,612","1,438",148,26,-
기타범죄,기타범죄,고압가스안전관리법,46,33,71.7,40,37,3,-,11
기타범죄,기타범죄,골재채취법,2,2,100,2,2,-,-,1
기타범죄,기타범죄,공무방해에관한죄,"3,016","2,960",98.1,"3,557","3,034",485,38,2
기타범죄,기타범죄,공유수면관리및매립에관한법률위반,-,-,-,-,-,-,-,-
기타범죄,기타범죄,공인중개사법,141,126,89.4,238,158,80,-,3
기타범죄,기타범죄,과실치사상의죄,"1,000",912,91.2,"1,304",949,326,29,2
기타범죄,기타범죄,국민건강보험법,126,62,49.2,130,36,42,52,-
기타범죄,기타범죄,국민연금법,5,6,120,11,8,2,1,2
기타범죄,기타범죄,국토의계획및이용에관한법률,82,79,96.3,106,78,25,3,12
기타범죄,기타범죄,권리행사를방해하는죄,"1,639","1,186",72.4,"2,055","1,552",469,34,3
기타범죄,기타범죄,낙태의죄,9,3,33.3,9,5,4,-,-
기타범죄,기타범죄,낚시관리및육성법위반,-,-,-,-,-,-,-,-
기타범죄,기타범죄,내수면어업법,2,2,100,3,3,-,-,-
기타범죄,기타범죄,농수산물유통및가격안정에관한법률,5,5,100,23,23,-,-,1
기타범죄,기타범죄,농수산물품질관리법,-,-,-,-,-,-,-,-
기타범죄,기타범죄,농지법,4,7,175,9,6,3,-,3
기타범죄,기타범죄,담배사업법,45,44,97.8,68,46,18,4,3
기타범죄,기타범죄,도시가스사업법,5,5,100,6,4,2,-,2
기타범죄,기타범죄,도시공원및녹지등에관한법률,34,32,94.1,36,32,2,2,2
기타범죄,기타범죄,도주와도주원조죄,1,1,100,1,1,-,-,-
기타범죄,기타범죄,독점규제및공정거래에관한법률,2,2,100,1,-,1,-,-
기타범죄,기타범죄,명예에관한죄,"7,639","5,284",69.2,"10,140","5,788","2,169","2,183",3
기타범죄,기타범죄,무고의죄,"1,023",793,77.5,"1,318",803,468,47,-
기타범죄,기타범죄,문화재보호법,12,12,100,15,12,3,-,2
기타범죄,기타범죄,밀항단속법,3,4,133.3,4,2,2,-,-
기타범죄,기타범죄,방문판매등에관한법률,77,44,57.1,242,145,91,6,21
기타범죄,기타범죄,배타적경제수역의외국인어업등에관한법률,-,-,-,-,-,-,-,-
기타범죄,기타범죄,범인은닉·범인도피죄,22,19,86.4,103,70,33,-,-
기타범죄,기타범죄,변호사법,144,125,86.8,219,195,17,7,1
기타범죄,기타범죄,보안관찰법,3,3,100,3,3,-,-,-
기타범죄,기타범죄,부정경쟁방지및영업비밀보호에관한법률,204,184,90.2,458,349,87,22,62
기타범죄,기타범죄,비밀침해죄,23,14,60.9,33,17,8,8,-
기타범죄,기타범죄,사격및사격장단속법,-,-,-,-,-,-,-,-
기타범죄,기타범죄,산림법,1,-,-,1,-,-,1,-
기타범죄,기타범죄,생명윤리및안전에관한법률,-,-,-,1,1,-,-,-
기타범죄,기타범죄,석유및석유대체연료사업법,28,34,121.4,69,66,3,-,5
기타범죄,기타범죄,선박안전법,-,-,-,1,1,-,-,-
기타범죄,기타범죄,선박직원법,-,-,-,-,-,-,-,-
기타범죄,기타범죄,성매매방지및피해자보호등에관한법률위반,2,1,50,2,-,1,1,-
기타범죄,기타범죄,성매매알선등행위의처벌에관한법률위반(성매매),512,496,96.9,"2,335","1,186","1,126",23,-
기타범죄,기타범죄,성매매알선등행위의처벌에관한법률위반(성매매강요등),4,4,100,4,2,2,-,-
기타범죄,기타범죄,성매매알선등행위의처벌에관한법률위반(성매매광고),84,54,64.3,80,39,13,28,-
기타범죄,기타범죄,성매매알선등행위의처벌에관한법률위반(성매매알선등),"1,084","1,067",98.4,"3,926","2,344","1,520",62,2
기타범죄,기타범죄,성매매알선등행위의처벌에관한법률위반(아동·청소년),1,1,100,4,3,1,-,-
기타범죄,기타범죄,성매매알선등행위의처벌에관한법률위반(기타),776,757,97.6,"2,146","1,207",892,47,1
기타범죄,기타범죄,성폭력범죄의처벌등에관한특례법(기타),500,472,94.4,530,523,6,1,-
기타범죄,기타범죄,소방기본법,21,21,100,22,19,3,-,-
기타범죄,기타범죄,수도법,1,3,300,3,3,-,-,-
기타범죄,기타범죄,수산업법,-,-,-,-,-,-,-,-
기타범죄,기타범죄,신앙에관한죄,23,29,126.1,86,62,21,3,-
기타범죄,기타범죄,신용정보의이용및보호에관한법률,12,10,83.3,22,11,8,3,7
기타범죄,기타범죄,실화및업무상실화죄,282,235,83.3,267,194,69,4,-
기타범죄,기타범죄,아동·청소년의성보호에관한법률위반(강요행위등),6,5,83.3,42,39,2,1,-
기타범죄,기타범죄,아동·청소년의성보호에관한법률위반(매매),2,1,50,2,1,-,1,-
기타범죄,기타범죄,아동·청소년의성보호에관한법률위반(성매수등),29,33,113.8,82,77,4,1,-
기타범죄,기타범죄,아동·청소년의성보호에관한법률위반(알선영업행위등),29,31,106.9,98,77,21,-,-
기타범죄,기타범죄,아동·청소년의성보호에관한법률위반(기타),71,62,87.3,90,75,12,3,-
기타범죄,기타범죄,아동복지법위반(무아동복지시설의 의무위반 등),-,-,-,-,-,-,-,-
기타범죄,기타범죄,아동복지법위반(유기·학대 등),214,218,101.9,255,121,134,-,-
기타범죄,기타범죄,아동복지법(기타),231,226,97.8,283,119,161,3,1
기타범죄,기타범죄,아동학대처벌법위반(비밀유지의무위반 등),-,-,-,-,-,-,-,-
기타범죄,기타범죄,아동학대처벌법위반(아동복지시설 종사자 등의 아동학대 가중처벌),4,4,100,6,-,6,-,-
기타범죄,기타범죄,아동학대처벌법위반(업무수행 방해 등),-,-,-,-,-,-,-,-
기타범죄,기타범죄,아동학대처벌법위반(유기·학대 등),2,2,100,2,-,2,-,-
기타범죄,기타범죄,아동학대처벌법위반(처분 불이행 등),8,8,100,6,5,1,-,-
기타범죄,기타범죄,아동학대처벌법위반(피해자 등에 대한 강요행위),-,-,-,-,-,-,-,-
기타범죄,기타범죄,아동학대처벌법위반(기타),9,8,88.9,13,2,11,-,-
기타범죄,기타범죄,액화석유가스의안전및사업관리법,7,7,100,15,8,7,-,-
기타범죄,기타범죄,양곡관리법,1,1,100,1,1,-,-,-
기타범죄,기타범죄,여객자동차운수사업법,396,352,88.9,421,405,15,1,23
기타범죄,기타범죄,여권법,13,11,84.6,27,17,9,1,-
기타범죄,기타범죄,영해및접속수역법,-,-,-,-,-,-,-,-
기타범죄,기타범죄,영화및비디오물의진흥에관한법률,11,13,118.2,15,10,4,1,3
기타범죄,기타범죄,옥외광고물법위반,162,114,70.4,177,129,19,29,17
기타범죄,기타범죄,위증죄,595,403,67.7,670,480,180,10,-
기타범죄,기타범죄,위치정보의보호및이용등에관한법률,9,9,100,50,28,22,-,-
기타범죄,기타범죄,유기와학대의죄,100,17,17,21,7,14,-,-
기타범죄,기타범죄,유선및도선사업법,-,-,-,-,-,-,-,1
기타범죄,기타범죄,음반·비디오물및게임물에관한법률,-,-,-,-,-,-,-,-
기타범죄,기타범죄,음악산업진흥에관한법률,"1,364","1,358",99.6,"2,390",575,"1,778",37,-
기타범죄,기타범죄,인질강요·살해·상해,1,1,100,1,1,-,-,-
기타범죄,기타범죄,일수와수리에관한죄,-,-,-,-,-,-,-,-
기타범죄,기타범죄,자동차관리법,"4,471","4,301",96.2,"5,281","4,811",377,93,95
기타범죄,기타범죄,자동차손해배상보장법,"1,623","1,589",97.9,"1,772","1,644",115,13,-
기타범죄,기타범죄,자연공원법,9,7,77.8,8,7,1,-,-
기타범죄,기타범죄,장물에관한죄,471,380,80.7,774,669,88,17,-
기타범죄,기타범죄,장사등에관한법률,-,-,-,2,-,1,1,-
기타범죄,기타범죄,재난및안전관리기본법,2,2,100,2,2,-,-,-
기타범죄,기타범죄,전기통신기본법,48,50,104.2,164,151,8,5,12
기타범죄,기타범죄,전파법,7,7,100,32,24,7,1,3
기타범죄,기타범죄,정보통신망이용촉진및정보보호등에관한법률위반(개인정보누설등),15,10,66.7,36,24,7,5,5
기타범죄,기타범죄,정보통신망이용촉진및정보보호등에관한법률위반(명예훼손),"1,830","1,111",60.7,"2,762","1,119",762,881,4
기타범죄,기타범죄,정보통신망이용촉진및정보보호등에관한법률위반(정보통신망침해등),469,132,28.1,510,187,25,298,8
기타범죄,기타범죄,정보통신망이용촉진및정보보호등에관한법률위반(기타),"1,092",450,41.2,862,419,183,260,13
기타범죄,기타범죄,주거침입의죄,"2,564","2,018",78.7,"2,503","1,967",493,43,-
기타범죄,기타범죄,주민등록법,559,362,64.8,702,276,257,169,-
기타범죄,기타범죄,주차장법,185,170,91.9,270,168,101,1,4
기타범죄,기타범죄,집회및시위에관한법률,382,312,81.7,568,426,124,18,-
기타범죄,기타범죄,채무자회생및파산에관한법률위반,34,27,79.4,46,28,18,-,-
기타범죄,기타범죄,철도안전법,38,38,100,42,40,2,-,-
기타범죄,기타범죄,청소년보호법,"1,438","1,418",98.6,"1,863",970,875,18,7
기타범죄,기타범죄,총포·도검·화약류등의안전관리에관한법률,394,453,115,500,474,26,-,5
기타범죄,기타범죄,축산물위생관리법,49,56,114.3,93,80,13,-,7
기타범죄,기타범죄,출입국관리법,225,217,96.4,455,321,127,7,18
기타범죄,기타범죄,통신비밀보호법,32,28,87.5,47,23,16,8,-
기타범죄,기타범죄,특가법(무고),-,-,-,-,-,-,-,-
기타범죄,기타범죄,특가법(장물),-,-,-,-,-,-,-,-
기타범죄,기타범죄,특경법(보고의무),-,-,-,-,-,-,-,-
기타범죄,기타범죄,폭력행위등처벌에관한법률위반(기타),-,-,-,-,-,-,-,-
기타범죄,기타범죄,하수도법,6,5,83.3,8,6,-,2,1
기타범죄,기타범죄,하천법,3,3,100,5,5,-,-,2
기타범죄,기타범죄,학원의설립·운영및과외교섭에관한법률,88,88,100,105,55,50,-,-
기타범죄,기타범죄,항만운송사업법,-,-,-,-,-,-,-,-
기타범죄,기타범죄,"허위감정,증거인멸·은닉,증인은닉죄",25,19,76,41,32,7,2,-
기타범죄,기타범죄,형사소송법,-,-,-,-,-,-,-,-
기타범죄,기타범죄,형의실효등에관한법률,-,-,-,-,-,-,-,-
기타범죄,기타범죄,화물자동차운수사업법,547,522,95.4,617,587,29,1,22
기타범죄,기타범죄,기타,"2,278","1,921",84.3,"4,568","3,037",870,661,290
