500,어린이대공원역 3번출구 앞,화양동 169-1,광진구,1,남산도시자연공원,02-3783-5900,서울특별시 중구 삼일대로 231(예장동),중구,37.5470143,127.0744641
501,광진구의회 앞,자양동 533-2,광진구,3,길동생태공원,02-489-2770,서울특별시 강동구 천호대로 1291(길동생태공원) ,강동구,37.5367677,127.0716172
502,뚝섬유원지역 1번출구 앞,자양동 854-3,광진구,4,서울대공원,02-500-7032,경기도 과천시 대공원광장로 102,과천시,37.5327344,127.0674661
503,더샵스타시티 C동 앞,자양동 227-350,광진구,5,서울숲,02-460-2905 ,서울특별시 성동구 뚝섬로 273 (성수동1가) ,성동구,37.536598,127.0736458
504,신자초교입구교차로,자양동 718,광진구,6,월드컵공원,02-300-5500,서울특별시 마포구 하늘공원로 84(월드컵공원),마포구,37.5330591,127.0758778
505,자양사거리 광진아크로텔 앞 ,자양동 219-16,광진구,12,광화문시민열린마당,02-2148-2843,서울특별시 종로구 세종로 76-2,종로구,37.537,127.0813906
515,광양중학교 앞 ,자양동 743-1,광진구,13,진관근린공원(구파발폭포),02-351-8004,서울특별시 은평구 진관동 393,은평구,37.5306585,127.0866186
516,광진메디칼 앞,군자동 355-9,광진구,16,중마루근린공원,02-2670-3717,서울특별시 영등포구 영등포동2가 222,영등포구,37.5483064,127.0680609
539,군자교교차로,중곡동 263-1 도,광진구,17,응봉공원,02-2293-7646,서울특별시 성동구 금호동1가 산1-72,성동구,37.570378,127.0797197
540,군자역 7번출구 베스트샵 앞,군자동 499도,광진구,18,매화근린공원,02-2600-4181,서울특별시 강서구 등촌동 630-14,강서구,37.5564156,127.0789407
542,"강변역 1,4번 출구 아래",강변역로 53,광진구,19,성수근린공원,02-2286-5657,서울특별시 성동구 성수2가 3동 302-25,성동구,37.5354211,127.094533
543,구의공원(테크노마트 앞),구의동 546-3도,광진구,20,샛마을근린공원,02-3425-6444,서울특별시 강동구 명일1동 288,강동구,37.5359732,127.0945025
544,광남중학교,광장동 561-15 도,광진구,21,여의도근린공원,02-761-4078~9,서울특별시 영등포구 여의공원로 68 (여의도동),영등포구,37.5407864,127.1029719
546,DMC빌 앞,자양동 722 도,광진구,22,간데메근린공원,02-2249-2770,서울특별시 동대문구 서울시립대로2길 59(간데메공원),동대문구,37.5330531,127.0850653
548,자양나들목,자양동 738도,광진구,23,훈련원근린공원,02-3396-5894,서울특별시 중구 을지로 227,중구,37.5303568,127.0748363
549,아차산역 3번출구,구의동 96도,광진구,24,영등포근린공원,02-2670-3716,서울특별시 영등포구 신길로 275,영등포구,37.5512946,127.0900472
551,구의삼성쉐르빌 앞,구의동 199-97 ,광진구,25,보라매근린공원,02-2181-1191~1195,서울특별시 동작구 여의대방로20길 33(보라매공원),동작구,37.5399871,127.0943522
552,대림아크로리버 앞,구의동 589 ,광진구,26,어린이대공원,02-450-9311,서울특별시 광진구 능동로 216(어린이대공원),광진구,37.5366252,127.0932862
553,중곡 성원APT 앞,구의동 199-97 ,광진구,27,천호근린공원,02-489-2776,서울특별시 강동구 올림픽로 702(천호공원),강동구,37.5399871,127.0943522
554,아차산역 사거리,구의동 91 ,광진구,29,용산가족공원,02-792-5660,서울특별시 용산구 서빙고로 185,용산구,37.5493217,127.0923187
555,구의3동주민센터,광강변역로 17,광진구,30,독립근린공원,02-364-4686,서울특별시 서대문구 통일로251(독립공원),서대문구,37.538066,127.0918804
571,어린이대공원역6번출구,광진구 군자동 98-2도,광진구,31,낙산근린공원,02-743-7985~6,서울특별시 종로구 낙산길 41 (우) 03085,종로구,37.5481221,127.0744051
572,국립정신 건강센터 앞,광진구 자양동 510-6도,광진구,32,양재시민의숲,02-575-3895,서울특별시 서초구 매헌로 99 (양재동),서초구,37.5364072,127.0690859
573,구의문주차장 앞,능동로 216,광진구,36,관악산도시자연공원,02-2627-1653,서울특별시 관악구 관악로 1(관악산공원),관악구,37.549363,127.0818126
574,아차산역4번출구,광진구 능동 18공,광진구,37,효창근린공원,02-2199-7608,서울특별시 용산구 효창원로 177-18,용산구,37.549363,127.0818126
575,중앙농협 중곡지점,광진구 용마산로 120,광진구,39,감로천생태공원(관악산),02)2627-2395~7,서울특별시 금천구 독산4동 371∼375 373일대,금천구,37.5643434,127.0870009
576,광나루역 3번출구,광진구 아차산로 552,광진구,40,개운산근린공원,02-2241-3667,서울특별시 성북구 북악산로 949-73(돈암동 6-1),성북구,37.5433638,127.1044585
577,광진청소년수련관,광진구 구천면로 14,광진구,41,개웅산근린공원,02-860-3086,서울특별시 구로구 오류동 산13-1,구로구,37.5461603,127.1065423
584,광진광장 교통섬,광진구 군자동 374-8,광진구,45,경희궁,02-2148-4144,서울특별시 종로구 새문안로 55(신문로2가 2-1),종로구,37.5477791,127.0726134
600,휘경2동 주민센터,한천로 329,동대문구,46,국립현충원,02-826-6235,서울특별시 동작구 사당2동 산41-2,동작구,37.5901107,127.0685658
601,용신동주민센터,용두동 65-25,동대문구,47,계남근린공원,02-2620-3575,서울특별시 양천구 신정동 산44-2일대,양천구,37.5757627,127.0372552
602,장안동 사거리,장한로 25길 2,동대문구,48,고척근린공원,02-860-3086,서울특별시 구로구 고척로45길 39(고척공원),구로구,37.571834,127.0710802
604,답십리초등학교 옆 공원,전농로3길 23,동대문구,51,파리근린공원,02-2620-3576,서울특별시 양천구 목동동로 363 ,양천구,37.569003,127.0554225
605,신설동역9번출구,천호대로 26,동대문구,52,허준공원,02-2600-4186,서울특별시 강서구 허준로5길 42,강서구,37.5737653,127.0262931
606,휘경공고앞,겸재로 21,동대문구,53,궁동근린공원,02-330-1961,서울특별시 서대문구 성산로7길 19-24(궁동공원) ,서대문구,37.5849213,127.0695589
607,신이문역 2번출구,이문동186-1,동대문구,54,궁산근린공원,02-2600-4185,서울특별시 강서구 가양동 산4-7,강서구,37.6026466,127.0679724
608,전농삼성아파트,전농로 192,동대문구,55,까치산근린공원,02-820-1396,서울특별시 동작구 사당동 산32,동작구,37.5818725,127.0555328
609,제기2교,제기동122-388,동대문구,56,꿩고개근린공원,02-2600-4186,서울특별시 강서구 방화동 산110,강서구,37.5885784,127.0376167
610,동대문중 교차로,답십리동 524-1,동대문구,57,노량진공원,02-820-9845,서울특별시 동작구 여의대방로 15-45(여의대방로36길 71),동작구,37.5696238,127.0490199
612,시립동부병원 앞 사거리,용두동 237-10 ,동대문구,58,답십리근린공원,02-2127-4398,서울특별시 동대문구 답십리로 209(답십리공원) ,동대문구,37.5744344,127.0306293
613,신설동역 10번출구 앞,신설동 92-34,동대문구,59,대모산도시자연공원,02-3423-6283,서울특별시 강남구 광평로10길 30-71(대모산공원) ,강남구,37.5737553,127.0271581
614,용두동 사거리,용두동 237-10,동대문구,60,탑골근린공원,02-2148-2843,서울특별시 종로구 종로 99,종로구,37.5744344,127.0306293
615,용두동 레미안허브 리츠아파트 앞,용두동 696-13 ,동대문구,61,갈산근린공원,02-2620-3574,서울특별시 양천구 신정동 162-56,양천구,37.5760457,127.0349512
616,시립대 앞,전농동 135-5,동대문구,65,천마근린공원,02-400-0978,서울특별시 송파구 마천동 산 1-1,송파구,37.5824976,127.0541481
617,청솔우성아파트 앞,답십리동 94-2 ,동대문구,66,도곡근린공원,02-3423-6248,서울특별시 강남구 도곡동 산31-1,강남구,37.5741449,127.0575277
621,동대문중학교 옆,사가정로 66,동대문구,68,도산근린공원,02-3423-6244,서울특별시 강남구 도산대로45길 20(도산공원),강남구,37.574489,127.0542426
622,전농사거리 교통섬,전농동 25-2,동대문구,69,청량공원,02-2241-3683,서울특별시 성북구 화랑로18가길 50,성북구,37.5766183,127.0578724
623,서울시립대 정문 앞, 전농동 150-15 ,동대문구,70,초안산근린공원,02-2091-3754,서울특별시 도봉구 창동 산157,도봉구,37.5836756,127.0539724
624,전농동 동아아파트 앞,서울시립대로 31,동대문구,71,동명근린공원,02-3425-6444,서울특별시 강동구 고덕2동 229,강동구,37.5748739,127.0458603
625,답십리초등학교 앞,답십리동 266-2,동대문구,72,마로니에공원,02-2148-4158,서울특별시 종로구 대학로8길 1,종로구,37.5684211,127.0570225
626,군자교녹지대 동측 앞,장안동 480-11 ,동대문구,73,자매근린공원,02-2670-3758,서울특별시 영등포구 의사당대로 166 (우) 07324,영등포구,37.5612982,127.070756
627,장안동삼거리 교통섬,장안동 469-2,동대문구,75,장지근린공원,02-400-0978,서울특별시 송파구 장지동 산 11번지,송파구,37.5786253,127.0719038
628,휘봉고등학교 앞,휘경동 43-278 ,동대문구,76,명일근린공원,02-3425-6444,서울특별시 강동구 상일동 135,강동구,37.5853142,127.0672805
630,동대문구 보건소,천호대로 145,동대문구,80,방화근린공원,02-2600-4186,서울특별시 강서구 금낭화로 176(방화공원),강서구,37.5742015,127.0398327
631,답십리역 1번출구,천호대로 265,동대문구,81,아시아근린공원,02-412-0270,서울특별시 송파구 올림픽로 44 (잠실동),송파구,37.568254,127.0513523
633,청량리 기업은행 앞,홍릉로 1,동대문구,82,배봉산근린공원,02-2127-4398,서울특별시 동대문구 한천로43길 12-14(배봉산공원) ,동대문구,37.5804857,127.0444312
634,외국어대 정문 앞,이문동 288-3,동대문구,83,안산도시자연공원,02-330-1958,서울특별시 서대문구 홍제동 산33-98,서대문구,37.5965952,127.0603486
635,시조사 앞 (청량고정문 옆),청량리동 1-2 ,동대문구,85,염창근린공원,02-2600-4186,서울특별시 강서구 염창동 산24-1,강서구,37.5876034,127.0529852
636,세종대왕기념관 교차로,청량리동 산 1-215,동대문구,86,백련근린공원,02-330-1776,서울특별시 서대문구 통일로 507-22(백련공원) ,서대문구,37.5902018,127.0422349
637,KAIST 경영대학 앞,청량리동 산1-135 ,동대문구,87,오금근린공원,02-400-0978,서울특별시 송파구 오금로 363 오금근린공원 ,송파구,37.5916386,127.0456441
638,서울시립대 정보기술관,서울시립대로 163,동대문구,89,오동근린공원,02-901-6923,서울특별시 강북구 번동 산20-1,강북구,37.583383,127.0593032
639,서울시립대 후문,서울시립대로 163,동대문구,90,봉산도시자연공원,02-351-8003,서울특별시 은평구 구산동 산61,은평구,37.583383,127.0593032
640,KEB하나은행 청량리역지점,홍릉로 28,동대문구,91,온수도시자연공원,02-860-2396,서울특별시 구로구 개봉동 산2-60,구로구,37.5827952,127.0446701
641,용두역 4번출구,동대문구 용두동 47-1 ,동대문구,92,봉은공원,02-2104-1902,서울특별시 강남구 삼성동 75,강남구,37.5738576,127.0379896
642,신답역 빵굼터 앞,천호대로 231,동대문구,93,올림픽공원,02-410-1114,서울특별시 송파구 올림픽로 424 (방이동),송파구,37.5703758,127.0484172
643,동대문구민체육센터,장한로18길 82-9,동대문구,94,와룡근린공원,02-2148-4150,서울특별시 종로구 와룡공원길 192 (우) 03063,종로구,37.5672313,127.0732473
101,합정동 주민센터,마포구 합정동 444-12,마포구,95,봉화산근린공원,02-435-0069,서울특별시 중랑구 묵동 산46-1,중랑구,37.5503324,126.9060488
102,망원역1번출구앞,마포구서교동475-54,마포구,96,북악산도시자연공원,02-2148-2843,서울특별시 종로구 부암동 산2-6,종로구,37.5554371,126.9107616
103,망원역2번출구앞,마포구망원동378-18,마포구,98,북한산국립공원,02-2148-2834,서울특별시 종로구 은평구 서대문구 성북구 강북구 도봉구 일대 경기도 의정부 양주군 고양시 일대,강북구,37.555007,126.9108335
104,합정역 1번출구 앞,마포구 서교동 393-7 ,마포구,99,외국인묘지공원,02-3153-9554,서울특별시 마포구 양화진길 46(외국인묘지공원),마포구,37.5504685,126.9149352
105,합정역 5번출구 앞,마포구 서교동 394-95,마포구,100,불광근린공원,02-351-8004,서울특별시 은평구 불광동 산33-1,은평구,37.5497749,126.9146623
106,합정역 7번출구 앞,마포구 합정동 381-1 ,마포구,101,불암산도시자연공원,02-2116-3943,서울특별시 노원구 한글비석로12길 51-33(불암산공원) ,노원구,37.5486937,126.9129103
107,신한은행 서교동금융센터점 앞,마포구 서교동 449-28,마포구,102,용마폭포공원,02-2094-2965,서울특별시 중랑구 면목동 산1-4 ,중랑구,37.5582671,126.9180003
108,서교동 사거리,마포구 서교동 427 ,마포구,103,사육신공원,02-820-9844,서울특별시 동작구 노량진로 191,동작구,37.5527907,126.9184009
109,제일빌딩 앞,마포구 당인동 12-2,마포구,104,용왕산근린공원,02-2620-3574,서울특별시 양천구 목동 199-51,양천구,37.5477501,126.9200478
111,상수역 2번출구 앞,마포구 상수동 309-10 ,마포구,106,사직근린공원,02-2148-2834,서울특별시 종로구 사직로9길 5,종로구,37.5466338,126.9226203
112,극동방송국 앞,마포구 상수동 89-2 ,마포구,107,우장산근린공원,02-2600-4185,서울특별시 강서구 내발산동 산4-5,강서구,37.5496074,126.9230415
113,삼성서비스센터 앞,마포구 동교동 156-8,마포구,108,삼일근린공원,02-820-9845,서울특별시 동작구 사당동 산24-17,동작구,37.5574834,126.9239332
114,홍대입구역 8번출구 앞,마포구 동교동 192-5 ,마포구,109,삼청근린공원,02-2148-4150,서울특별시 종로구 북촌로 134-1 (우) 03050,종로구,37.5563369,126.9232084
118,광흥창역 2번출구 앞,마포구 창전동 243-3,마포구,110,인왕산도시자연공원,02-2148-2834,서울특별시 종로구 옥인동 산 3-1 ,종로구,37.5474489,126.931414
119,서강나루 공원,창전동 165-5,마포구,111,상도근린공원,02-820-1396,서울특별시 동작구 성대로6사길 27-6(상도공원) ,동작구,37.5452111,126.9310578
120,신수동 사거리,마포구 신수동 371-11,마포구,112,일자산도시자연공원,02-3425-6443,서울특별시 강동구 동남로 660(일자산공원),강동구,37.5451817,126.9344803
121,마포소방서 앞,마포구 신수동 100-18,마포구,114,쌍문근린공원,02-2091-3754,서울특별시 도봉구 쌍문동 산80,도봉구,37.5496612,126.9330404
122,신성기사식당 앞,마포구 신수동 50-2,마포구,117,수락산도시자연공원,02-2116-3966 ,서울특별시 노원구 상계동 산3-1,노원구,37.547245,126.9385758
124,서강대 정문 옆,마포구 신수동 84-5,마포구,118,송파나루근린공원(석촌호수),02-400-3595,서울특별시 송파구 잠실로 148 (잠실동) ,송파구,37.5506344,126.9377423
125,서강대 남문 옆,마포구 신수동 1-30,마포구,119,선유도근린공원,02-2631-9368,서울특별시 영등포구 선유로 343 (당산동 1) 선유도공원관리사무소,영등포구,37.5473456,126.9352416
126,서강대 후문 옆,마포구 대흥동 38-16 ,마포구,120,손기정체육공원,02-3396-5894,서울특별시 중구 손기정로 101 ,중구,37.5505719,126.9440344
127,현대벤처빌 앞,마포구 노고산동 31-213,마포구,122,성북근린공원,02-2241-3683,서울특별시 성북구 돈암동 616-1055,성북구,37.5530957,126.9384034
129,신촌역(2호선) 6번출구 옆,마포구 노고산동 31-123,마포구,123,봉제산공원,02-2600-4184,서울특별시 강서구 화곡동 산41-6,강서구,37.5545603,126.9368457
130,신촌역(2호선) 7번출구 앞,마포구 노고산동 31-123,마포구,124,서울창포원,02-954-0031,서울특별시 도봉구 마들로 916(서울창포원) ,도봉구,37.5545603,126.9368457
136,대흥동 주민센터,마포구 노고산동 1-83,마포구,125,북서울꿈의숲,02-2289-4000~5,서울특별시 강북구 월계로 173,강북구,37.5558305,126.9426371
400,상암한화오벨리스크 1차 앞,마포구 상암동 527,마포구,127,서서울호수공원,02-2604-3004 ,서울특별시 양천구 남부순환로64길 20 (신월동),양천구,37.5876182,126.8826995
401,상암월드컵파크 10단지 앞,마포구 상암동 594,마포구,128,중랑캠핑숲,02-434-4371(중랑캠핑숲)/02-432-2567(청소년체험의숲),서울특별시 중랑구 송림길 160(중랑캠핑숲)/중랑구 망우동 74(청소년체험의숲),중랑구,37.5859163,126.881295
402,상암월드컵파크 9단지 앞,마포구 상암동 670,마포구,1001,솔밭근린공원,02-901-6939,서울특별시 강북구 우이동 80번지 일대,강북구,37.5831515,126.8800049
403,부엉이공원 앞,마포구 상암동 857-2 ,마포구,1002,금천체육공원(관악산),02-2627-1664 ,서울특별시 금천구 독산동 산118-4(금천체육공원),금천구,37.5855406,126.8849169
405,DMC빌 앞,상암동 298-4,마포구,1003,금천폭포근린공원,02-2627-1652 ~ 7,서울특별시 금천구 시흥대로38길 61(시흥동 937-2),금천구,37.5824111,126.885464
406,상암월드컵파크 7단지 앞,상암동 450-7,마포구,1004,만수천공원(관악산),02-2627-1662~6,서울특별시 금천구 독산동 산8 일대,금천구,37.5791606,126.8954753
407,마포구 육아종합지원센터,상암산로1길 71,마포구,1005,발바닥공원,02-2091-3772,서울특별시 도봉구 시루봉로6길 33,도봉구,37.5805091,126.8835655
408,LG CNS앞,월드컵북로 424,마포구,1006,월천근린공원,02-2091-3756,서울특별시 도봉구 창동 28번지,도봉구,37.5810493,126.8868565
409,누리꿈스퀘어 옆,월드컵북로 396,마포구,1007,용두근린공원,02-2127-4772,서울특별시 동대문구 용두동 34-1번지 일대,동대문구,37.5791192,126.8902941
410,상암중학교 옆,상암동 산23,마포구,1008,상암근린공원,02-3153-9553,서울특별시 마포구 상암동 1761,마포구,37.5788988,126.8862183
411,DMC홍보관,상암동 134-7,마포구,1009,와우근린공원,02-3153-9553,서울특별시 마포구 창전동 3-193번지 일대(홍익대 뒷산),마포구,37.5771306,126.8923003
412,DMC산학협력연구센터 앞,상암동 126-7,마포구,1010,금호근린공원,02-2286-5657,서울특별시 성동구 장터1길 18,성동구,37.5760349,126.8913406
413,상암월드컵파크 3단지 후문,마포구 상암동 1718,마포구,1011,달맞이근린공원,02-2286-5657,서울특별시 성동구 옥수동 산1-1,성동구,37.5762587,126.8916622
414,상암동주민센터 옆,상암동 8-4,마포구,1012,문정근린공원,02-400-0978,서울특별시 송파구 문정동 18-4,송파구,37.5782869,126.894544
415,DMC역 9번출구 앞,마포구 상암동 1621 ,마포구,1014,문화예술공원,02-2155-8601,서울특별시 서초구 바우뫼로12길 40 (양재동),서초구,37.5772473,126.8972617
416,상암월드컵파크1단지 교차로,상암동 1716,마포구,1328,세종로공원,02-2148-2843 ,서울특별시 종로구 세종대로 189 (우) 03172,종로구,37.574768,126.8938273
417,DMC역 2번출구 옆,상암동 1156-1,마포구,1329,샘말공원(관악산),02-879-6523,서울특별시 관악구 대학동 산63-1일대 샘말공원,관악구,37.5758789,126.9005762
418,월드컵경기장역 3번출구 옆,월드컵경기장 내,마포구,1338,초안산생태공원,02-2091-3754,서울특별시 도봉구 창동 산24,도봉구,37.5682588,126.8972774
419,홈플러스 앞,월드컵경기장 내,마포구,1348,푸른수목원,02-2686-3200,서울특별시 구로구 연동로 240(항동81-1) 푸른수목원관리사무소,구로구,37.5682588,126.8972774
420,서울시 공공자전거 운영센터 옆,마포구 성산동 665 ,마포구,1357,서오능도시자연공원,02-351-8003,서울특별시 은평구 구파발동 갈현동 진관내동,은평구,37.5619103,126.9170511
421,마포구청 앞,성산동 370,마포구,1360,청계산도시자연공원,02-2155-6870,서울특별시 서초구 원지동 산 33,서초구,37.5663123,126.9020797
142,아현역 4번출구 앞,아현동 329-15,마포구,1362,개화근린공원,02-2600-4183,서울특별시 강서구 개화동 산17,강서구,37.5571342,126.9558925
143,공덕역 2번출구,공덕동 257-88,마포구,1364,아차산생태공원,02-450-1192,서울특별시 광진구 광장동 370,광진구,37.5444198,126.950216
144,공덕역 8번출구,공덕동 438-5,마포구,1365,인능산도시자연공원,02-2155-6873,서울특별시 서초구 내곡동 산12-404,서초구,37.5438203,126.9520078
145,공덕역 5번출구,공덕동 237-9,마포구,1366,구룡산,02-2155-6869,서울특별시 서초구 염곡동 산25-1,서초구,37.5467512,126.9531075
146,마포역 2번출구 뒤,도화동 555-2,마포구,1367,우면산도시자연공원,02-2155-6883,서울특별시 서초구 우면동 산35-1,서초구,37.5398546,126.9459089
147,마포역 4번출구 뒤,도화동 292-29,마포구,1368,향림근린공원,02-351-8002,서울특별시 은평구 진관동 산55,은평구,37.5392206,126.9458454
148,용강동 주민센터 앞,용강동 234-1,마포구,1369,신사근린공원,02-351-8004,서울특별시 은평구 신사동 산80-4,은평구,37.5421978,126.9429372
150,서강대역 2번출구 앞,노고산동 112-13,마포구,1370,문화역 서울284,02-3407-3500,서울특별시 중구 통일로 1 서울역,중구,37.5534258,126.9395441
151,망원1동주민센터,망원동 403-2,마포구,1371,광평근린공원,02-3423-6243,서울특별시 강남구 수서동 산10-1,강남구,37.5555803,126.9055975
152,마포구민체육센터 앞,망원동 452-4,마포구,1372,청담근린공원,02-3423-6244,서울특별시 강남구 청담동 66,강남구,37.5564073,126.8987991
153,성산2교 사거리,성산동 54-17,마포구,1373,허브천문공원,02-3425-6454,서울특별시 강동구 둔촌동 산94,강동구,37.5641941,126.9125097
154,마포구청역 ,망원동 477-23,마포구,1374,연신내물빛공원,02-351-8012,서울특별시 은평구 통일로 849,은평구,37.5602971,126.9060638
155,가좌역1.2번출구,성산동123-29,마포구,1375,나들이근린공원,02-435-7168,서울특별시 중구 망우동 산 30-7 일대,중랑구,37.5684049,126.9144951
156,서울서부지방법원 앞,공덕동 105-11,마포구,1376,숭인근린공원,02-2148-4152,서울특별시 종로구 숭인동 58,종로구,37.5509703,126.9555983
157,애오개역 4번출구 앞,아현동 607-1,마포구,1377,서일대뒷산공원,02-2094-2363,서울특별시 중랑구 면목동 산19,중랑구,37.553703,126.9573121
181,망원초록길 입구,망원동 218-7,마포구,1378,용마도시자연공원(사가정공원),02-2094-2993,서울특별시 중랑구 면목7동 산50 ,중랑구,37.5513179,126.9027264
182,망원2빗물펌프장 앞,망원동 211-43,마포구,1379,문화비축기지,02-376-8410,서울특별시 마포구 증산로 87,마포구,37.5515121,126.9032634
183,하늘채코오롱아파트 건너편,연남동 365-19 ,마포구,1380,경춘선숲길,02-2289-4012,노원구 공릉2동 산 82-2,,37.5655556,126.919183
184,SK망원동주유소 건너편,성산동 253-20,마포구,1381,율현공원,02-459-9452,서울특별시 강남구 율현동 밤고개로24길(율현동 56),강남구,37.5590274,126.9075119
185,마포 신수공원앞,현석동 106-32,마포구,1382,서울로7017,02-313-7017,서울로7017,중구,37.5423735,126.934114
186,월드컵공원,성산동 월드컵로 243-60,마포구,,,,,,37.5639074,126.8973166
199,서울 월드컵 경기장,마포구 성산동 534-11,마포구,,,,,,37.566348,126.8970206
110,사천교,홍제천로 11,서대문구,,,,,,37.5687551,126.9185934
115,사루비아 빌딩 앞,서대문구 창천동 516,서대문구,,,,,,37.5587667,126.9269311
116,일진아이윌아파트 옆,서대문구 연희동 218-21,서대문구,,,,,,37.5642374,126.9274842
117,홍은사거리,홍제내길 483,서대문구,,,,,,37.5867942,126.9368699
123,문화촌 공원,홍제동 277-23,서대문구,,,,,,37.5945667,126.9472676
128,신촌역(2호선) 1번출구 옆,서대문구 창천동 30-16 ,서대문구,,,,,,37.5561475,126.939905
131,증산2교,증가로 264,서대문구,,,,,,37.5769944,126.9220385
132,창천문화공원,서대문구 창천동 53-47 ,서대문구,,,,,,37.5574687,126.9348396
133,해담는다리,서대문구 불광천길 150,서대문구,,,,,,37.5818632,126.9088901
134,연세로 명물길,서대문구 창천동 31-69,서대문구,,,,,,37.5582237,126.9382254
135,명물거리 원형무대 앞,서대문구 창천동 31-69,서대문구,,,,,,37.5582237,126.9382254
137,NH농협 신촌지점 앞,서대문구 대현동 60-11,서대문구,,,,,,37.5578292,126.9423621
138,신촌동 제1공영주차장 앞,서대문구 창천동 70-55 ,서대문구,,,,,,37.5591407,126.934105
139,연세대 정문 건너편,서대문구 창천동 76-25,서대문구,,,,,,37.5599499,126.9346096
140,이화여대 후문,서대문구 신촌동 89-4,서대문구,,,,,,37.559933,126.9408372
141,연대 대운동장 남문 옆,서대문구 연희동 27,서대문구,,,,,,37.5626225,126.9319263
158,독립문 어린이 공원,서대문구 영천동 259-1,서대문구,,,,,,37.5818632,126.9088901
159,이대역 4번 출구,대현동 60-11,서대문구,,,,,,37.5578292,126.9423621
160,아현동 가구거리,북아현동 251-78,서대문구,,,,,,37.5573643,126.9585819
161,무악재역1번 출구,통일로 380-4,서대문구,,,,,,37.5839998,126.9496367
162,봉원고가차도 밑,서대문구 대신동 143-1,서대문구,,,,,,37.5657293,126.946571
163,명지전문대학교 정문 앞,홍은동 산25-3,서대문구,,,,,,37.5841414,126.9243421
164,북가좌1동 주민센터 ,북가좌동 477-1,서대문구,,,,,,37.5729442,126.9098897
165,모래내 우체국,북가좌동 470-1,서대문구,,,,,,37.5734893,126.91009
166,남가좌1동 주민센터,연희동 530,서대문구,,,,,,37.5711759,126.9208213
167,연가초등학교 옆,북가좌동 70-119,서대문구,,,,,,37.5793466,126.9170058
168,남가좌동 시장삼거리,남가좌동 185-21,서대문구,,,,,,37.5729252,126.9158479
169,북가좌 삼거리,북가좌동 400,서대문구,,,,,,37.5730949,126.9070868
170,가재울 뉴타운 주유소 옆,남가좌동 124,서대문구,,,,,,37.5715611,126.9196882
171,임광빌딩 앞,미근동 317-1,서대문구,,,,,,37.5620727,126.96901
172,서대문소방서,연희로 182,서대문구,,,,,,37.5731167,126.9360069
173,서대문역 8번출구 앞,충정로2가 138,서대문구,,,,,,37.5653376,126.9667906
175,홍연2교옆,홍은동 387-16,서대문구,,,,,,37.5772942,126.9292657
179,가좌역 4번출구 앞,남가좌동 293-3 ,서대문구,,,,,,37.5691808,126.9148992
180,충정로역 7번출구 뒤,충정로3가 56-1,서대문구,,,,,,37.5600001,126.9624048
188,홍은동 정원여중 입구,홍은동 265-47,서대문구,,,,,,37.5872736,126.9340028
191,정명학원,북가좌동 359-11,서대문구,,,,,,37.5787202,126.9104293
192,연서어린이공원,연희동 519-27,서대문구,,,,,,37.5732298,126.9242297
178,증산3교 앞,북가좌동 352-9,서대문구,,,,,,37.5808115,126.9075956
194,증산교 앞,북가좌동 415,서대문구,,,,,,37.5771873,126.9026208
177,북가좌 초등학교,북가좌동 427-1,서대문구,,,,,,37.5771814,126.9091679
195,모래내고가차도 ,연희동 375-4,서대문구,,,,,,37.5671713,126.9184103
196,연희교차로 인근,연희동 413-38,서대문구,,,,,,37.5660793,126.9261153
198,충청2교,충정로3가 155-4,서대문구,,,,,,37.5622175,126.9638274
506,금호 어울림 아파트 앞,광나루로 249,성동구,,,,,,37.549678,127.0510695
507,성수아이에스비즈타워 앞,성수이로 147,성동구,,,,,,37.5429302,127.0564225
508,성수아카데미타워 앞,성수동2가 289-30,성동구,,,,,,37.5464944,127.0577266
509,이마트 버스정류소 옆,성수동2가 333-16,성동구,,,,,,37.5399389,127.0531674
510,서울숲 남문 버스정류소 옆,성수동1가 655-4,성동구,,,,,,37.5418587,127.0440712
511,서울숲역 4번 출구 옆,성수동1가 685-635,성동구,,,,,,37.5443812,127.0447916
512,뚝섬역 1번 출구 옆,성수동1가 656-853,성동구,,,,,,37.5479582,127.0450017
513,뚝섬역 5번 출구 정류소 옆,성수동1가 14-22,성동구,,,,,,37.5453469,127.0499078
514,성수사거리 버스정류장 옆,성수동2가 289-30,성동구,,,,,,37.5464944,127.0577266
518,청계천 박물관 앞,마장동 610천,성동구,,,,,,37.570901,127.0338753
520,상왕십리역 4번 출구 앞,하왕십리동 960-3도,성동구,,,,,,37.5630904,127.0322931
521,왕십리역 11번 출구 앞,행당동 188-9도,성동구,,,,,,37.560573,127.0359374
522,금호역 1번출구 앞,금호동3가 1575-3도,성동구,,,,,,37.5486981,127.016158
523,옥수동성당 옆,옥수동 산5-148도,성동구,,,,,,37.5438035,127.0148372
524,래미안금호하이리버  아파트 102동 옆,금호동2가 1220-1 도,성동구,,,,,,38.2045223,128.5880383
525,한양대병원사거리,행당동 20-2도,성동구,,,,,,37.557962,127.0401588
526,용답토속공원 앞,용답동 224-1도,성동구,,,,,,37.5629174,127.0576839
529,장안평역 8번 출구 앞,용답동 224-3도,성동구,,,,,,37.5613184,127.0646345
530,청계벽산아파트·텐즈힐아파트 정류소,하왕십리동 286-24도,성동구,,,,,,37.5689717,127.0302326
533,우리은행 금호동 지점 앞,금호동4가 1101도,성동구,,,,,,37.5480607,127.0213121
534,금호사거리,금호동2가 1205-1 대,성동구,,,,,,37.5486472,127.0257712
535,응봉삼거리,응봉동 134-26도,성동구,,,,,,37.5539217,127.0336441
536,행당역 2번출구 앞,행당동 347-11도,성동구,,,,,,37.5574607,127.0295477
537,한양대후문역 부근,행당동 10도,성동구,,,,,,37.5608182,127.0413684
538,답십리역 8번출구 앞,용답동 102-1,성동구,,,,,,37.5676162,127.0512562
550,서울시설공단 앞,마장동 610,성동구,,,,,,37.570901,127.0338753
556,달맞이공원,옥수동 65-3,성동구,,,,,,37.5417735,127.0200443
557,도선동 주민센터 앞,마장로 141 ,성동구,,,,,,37.5663079,127.0369547
558,성동광진 교육지원청 앞,행당동 7 ,성동구,,,,,,37.5630554,127.0367125
560,송정동 공영주차장 부근,송정동 20-5,성동구,,,,,,35.1385585,126.7988527
561,서울숲역 2번출구 앞,성수동1가 656-924,성동구,,,,,,37.5428058,127.0445265
562,군자지하보도 앞,성동구 송정동 99-51,성동구,,,,,,37.5585365,127.073157
563,성동세무서 건너편,성수동2가 280-48,성동구,,,,,,37.5469586,127.0662512
564,금호역 3번출구,성동구 금호동4가 1470-1,성동구,,,,,,37.548128,127.0157479
565,옥수역 3번 출구,성동구 옥수동 78-1,성동구,,,,,,37.5409082,127.0178355
567,성수역 2번출구 앞,성동구 성수동2가 289-30,성동구,,,,,,37.5464944,127.0577266
568,청계8가사거리 부근,성동구 상왕십리동 16-4,성동구,,,,,,37.5704975,127.0234875
569,응봉봉현대아파트 정류소,성동구 응봉동 193-235,성동구,,,,,,37.5493898,127.0297338
519,양지사거리,홍익동 590,성동구,,,,,,37.5658499,127.0363109
578,성동세무서 부근,성동구 송정동 75-71,성동구,,,,,,37.5482058,127.0622917
579,마장역 4번출구,마장로 288,성동구,,,,,,37.5663079,127.0369547
580,신금호역 3번출구 뒤,금호동2가 449-1,성동구,,,,,,37.5542734,127.0201285
581,용답초등학교,용답동 125-1,성동구,,,,,,37.5643343,127.052003
582,경일중학교 앞,성수일로 33,성동구,,,,,,37.5435938,127.0491606
583,청계천 생태교실 앞,마장동 803,성동구,,,,,,37.57089,127.0418132
585,성수2가1동 공영주차장 인근,성수동2가 569-3,성동구,,,,,,37.5368683,127.0554342
586,마장동 주민센터,성동구 마장로42길 14,성동구,,,,,,37.5649731,127.0451728
587,KEB하나은행 성수중앙지점 ,성동구 성수동2가 276-5,성동구,,,,,,37.5430378,127.0606353
700,KB국민은행 염창역 지점 앞,목동 559도,양천구,,,,,,37.547421,126.8711832
701,목동사거리 부근,목동 813도,양천구,,,,,,37.5327533,126.8637875
702,목4동주민센터 옆,목동 904-3도,양천구,,,,,,37.5316752,126.8679551
703,오목교역 7번출구 앞,목동 451구,양천구,,,,,,37.5240266,126.8757216
704,남부법원검찰청 교차로,신정동 1095도,양천구,,,,,,35.5317701,129.3087113
706,신정네거리역,신월동 894구,양천구,,,,,,37.5222212,126.85113
707,신정3동주민센터,양천구 중앙로 209,양천구,,,,,,37.5387577,126.8754924
708,서울출입국관리사무소 앞,신정동 319-3도,양천구,,,,,,37.519749,126.8702959
709,신정3동 현장민원실 앞,신정동 760-2 도,양천구,,,,,,37.512023,126.8416821
710,서부화물트럭터미널 사거리,신정동 759-2도,양천구,,,,,,37.5107082,126.842217
711,신일해피트리아파트 앞,신월동 1063-4 도,양천구,,,,,,37.5341274,126.8343932
712,강월초교입구 사거리,신월동 905도,양천구,,,,,,37.5199476,126.8353672
713,양서중학교 옆,신월동 790도,양천구,,,,,,37.5337797,126.829659
714,한국SGI 양천문화회관 앞,신월동 790도,양천구,,,,,,37.5337797,126.829659
716,햇빛문고 앞,목동서로 355,양천구,,,,,,37.5171662,126.864335
719,홍익병원앞 교차로(양천구 등촌로 2 앞),양천구 목동 807-13도,양천구,,,,,,37.5304578,126.8641007
720,서울강월초등학교 앞,양천구 신월동 987-4도,양천구,,,,,,37.5163646,126.834674
200,국회의원회관,영등포구 여의도동 1,영등포구,,,,,,37.5310813,126.9165501
201,진미파라곤 앞,국회대로 800,영등포구,,,,,,37.5268906,126.9048692
202,국민일보 앞,여의공원로 101,영등포구,,,,,,37.5292309,126.9248721
203,국회의사당역 5번출구 옆,의사당대로 8,영등포구,,,,,,37.5278307,126.9168822
204,국회의사당역 3번출구 옆,국회대로 758,영등포구,,,,,,37.5273754,126.918519
205,산업은행 앞,의사당대로 97,영등포구,,,,,,37.5224767,126.9245731
206,KBS 앞,여의공원로 13,영등포구,,,,,,37.5255823,126.9164588
207,여의나루역 1번출구 앞,여의나루로 121,영등포구,,,,,,37.5233763,126.9274602
209,중소기업진흥공단 앞,여의도동 24-3,영등포구,,,,,,37.5235124,126.9264939
210,신한금융투자후문 앞,여의도동 2-11,영등포구,,,,,,37.5256643,126.9242388
211,여의도역 4번출구 옆,여의도동 26,영등포구,,,,,,37.5229056,126.9242728
212,여의도역 1번출구 옆,여의도동 27-1,영등포구,,,,,,37.522053,126.922277
213,kt 앞,여의도동 27,영등포구,,,,,,37.5230253,126.9213965
214,금융감독원 앞,여의도동 27,영등포구,,,,,,37.5230253,126.9213965
215,여의도고교 앞,여의도동 30,영등포구,,,,,,37.5259984,126.9325629
216,삼부아파트1동 앞,여의도동 30-3,영등포구,,,,,,37.5230818,126.9319732
217,NH농협은행 앞,국제금융로8길 2,영등포구,,,,,,37.5219749,126.9300353
218,증권거래소 앞,여의도동 33,영등포구,,,,,,37.5227889,126.9279862
219,롯데캐슬엠파이어 옆,여의도동 4-2,영등포구,,,,,,37.520939,126.9317594
220,미성아파트 A동 앞,여의도동 37,영등포구,,,,,,37.5199076,126.9245387
221,여의도초교 앞,여의도동 50,영등포구,,,,,,37.5207424,126.9370305
222,시범아파트버스정류장 옆,여의도동 50,영등포구,,,,,,37.5207424,126.9370305
223,진주아파트상가 앞,여의도동 5-2,영등포구,,,,,,37.5187615,126.9339896
224,롯데캐슬 앞,여의도동 4-2,영등포구,,,,,,37.520939,126.9317594
225,앙카라공원 앞,여의도동 56,영등포구,,,,,,37.5176788,126.9304405
226,샛강역 1번출구 앞,여의도동 46,영등포구,,,,,,37.518604,126.9294285
227,양평2나들목 보행통로 입구,영등포구 양화동 17-4,영등포구,,,,,,37.5445699,126.8885478
228,선유도역 3번출구 앞,양평동4가 202-1,영등포구,,,,,,37.5384996,126.8946836
229,양평1 보행육교 앞,양평동4가 20-4,영등포구,,,,,,37.5352231,126.8919564
231,남부고용노동지청 남측,양평동1가 115-2,영등포구,,,,,,37.523757,126.8917188
232,양평우림 이비즈센타 앞,양평동3가 14-1,영등포구,,,,,,37.5255656,126.8884836
233,한국연예사관 건물 앞,양평동3가 60-1,영등포구,,,,,,37.5286713,126.892102
234,영등포구민체육센터 앞,신길동 399 ,영등포구,,,,,,37.5018468,126.9045999
235,신길동 우리은행 옆,신길동 250-4 ,영등포구,,,,,,37.5046379,126.910308
236,문래동자이아파트 앞,문래동3가 68-1,영등포구,,,,,,37.5178873,126.8947513
237,보라매 두산위브 앞,신길동 4490 ,영등포구,,,,,,37.4966402,126.9139289
238,제2구민체육센타 앞,당산동4가 96-2,영등포구,,,,,,37.5270659,126.9014899
239,유스호스텔 앞,영등포동7가 58-2,영등포구,,,,,,37.5257693,126.9033304
240,문래역 4번출구 앞,문래동3가 55-12 ,영등포구,,,,,,37.5173874,126.8981466
241,신길우성1차아파트 앞 공원,도림동 255-2 ,영등포구,,,,,,37.5046061,126.8987258
242,신길선원가와인아파트 앞,신길동 215-28 ,영등포구,,,,,,37.5108129,126.9113075
243,이앤씨드림타워 앞,양평동3가 48-1,영등포구,,,,,,37.5270326,126.8911759
244,영등포삼환아파트 앞,영등포동8가 82-4 ,영등포구,,,,,,37.5303279,126.9058851
245,삼성생명 당산사옥 앞,당산동4가 35-24 ,영등포구,,,,,,37.528053,126.8967973
247,당산역 10번출구 앞,당산동5가 14-4,영등포구,,,,,,37.5335852,126.9020042
248,초원아파트 앞,여의도동8-13,영등포구,,,,,,37.5263086,126.9335824
249,여의도중학교 옆,여의도동 8,영등포구,,,,,,37.5263086,126.9335824
250,우주마루아파트 201동 앞,신길동 여의대방로 249,영등포구,,,,,,37.5002273,126.9185269
251,서울지방병무청 버스정류장,신길동853,영등포구,,,,,,37.5044426,126.9217272
252,보라매역4번출구(순흥빌딩),신길동4884,영등포구,,,,,,37.4999098,126.9188079
253,남서울아파트 14동앞,신길동3596,영등포구,,,,,,37.5010846,126.9098711
254,도림신협 앞,신길동263-76,영등포구,,,,,,37.5037096,126.9039563
255,도림4거리,신길동373-1,영등포구,,,,,,37.5058979,126.9016882
256,동아에코빌입구,도림동 159-70,영등포구,,,,,,37.509552,126.8991214
257,신길삼거리(우리은행),신길동95-256,영등포구,,,,,,37.513776,126.9194087
258,신길역3번출구,영등포동1가35,영등포구,,,,,,37.5176664,126.9146626
260,여의도 마리나선착장 앞,여의동로 330,영등포구,,,,,,37.5263086,126.9335824
262,영문초등학교 사거리,문래동6가 10-1,영등포구,,,,,,37.520474,126.8887876
263,근로자회관 사거리,문래동5가 1-1 ,영등포구,,,,,,37.5168525,126.8885699
264,교보생명보험 앞,양평동1가 29-1,영등포구,,,,,,37.5221176,126.8910043
265,영등포유통상가 사거리,당산로 68,영등포구,,,,,,37.520664,126.8961685
266,영등포청과시장 사거리,영등포4가 150-1,영등포구,,,,,,37.5263715,126.8962283
267,삼성화재 사옥 옆,양평동4가,영등포구,,,,,,37.5361297,126.8960904
268,그랜드컨벤션센터앞,양평로 67,영등포구,,,,,,37.534898,126.8992943
270,증권거래소후문교차로,여의나루로 76,영등포구,,,,,,37.5227889,126.9279862
271,샛강생태공원방문자센터 앞,여의동로 48,영등포구,,,,,,37.5187274,126.9218961
272,당산육갑문,당산로52길 3,영등포구,,,,,,37.5352678,126.9037921
230,영등포구청역 1번출구,당산동3가 352,영등포구,,,,,,37.5245451,126.8961079
259,대방역6번출구,신길동1368,영등포구,,,,,,37.5135611,126.9266658
800,목월공원 앞,원효로4가 109-10,용산구,,,,,,37.53232,126.9548175
802,한강진역 2번 출구 앞,용산구 한남동 726-494도,용산구,,,,,,37.5407506,127.001835
803,한남초교 앞 보도육교,용산구 한남동 725-17도,용산구,,,,,,37.5383374,127.0040487
805,문배어린이공원 앞,용산구 문배동 34-10도,용산구,,,,,,37.5368099,126.9702054
806,전자랜드 본관 앞,용산구 한강로3가 16-8도,용산구,,,,,,37.5328171,126.9585579
807,서울역 12번 출구 앞,용산구 동자동 14-229 도,용산구,,,,,,37.5521116,126.9726047
808,서빙고동 금호맨션 앞,용산구 서빙고동 235-5도,용산구,,,,,,37.5207182,126.9906626
809,한남 유수지 복개주차장,용산구 독서당로 18,용산구,,,,,,37.5299738,127.007355
810,이태원지하보도,용산동2가 5-1812,용산구,,,,,,37.5381894,126.9866535
811,녹사평역1번출구,용산동2가 6-7,용산구,,,,,,37.5350221,126.9855966
812,용산전쟁기념관,용산동1가 8-4,용산구,,,,,,37.534801,126.975431
813,삼각지역 3번출구,한강로1가 228-1,용산구,,,,,,37.5343935,126.9730142
815,LIG강촌아파트 103동앞,이촌동301-5,용산구,,,,,,37.5203376,126.9724387
816,신용산역 6번출구 앞,한강로2가 313-4,용산구,,,,,,37.5300566,126.9685469
817,삼각지역 4번출구 앞,한강로1가 303-1,용산구,,,,,,37.5333148,126.9716565
818,숙명여대 입구 교차로,청파동2가 81,용산구,,,,,,37.544747,126.9688356
819,선린인터넷 고등학교,청파동3가 66-2,용산구,,,,,,37.5423513,126.9707131
820,청파동입구 교차로,한강대로 350,용산구,,,,,,37.5496366,126.9723184
822,이촌1동 마을공원,용산구 한강로3가 66-4 철,용산구,,,,,,37.5223019,126.9678878
823,효창동주민센터 앞,용산구 효창동 255-17 임,용산구,,,,,,37.5450249,126.9597415
825,서빙고동 주민센터 앞,서빙고동 153-3,용산구,,,,,,37.5204057,126.9942653
301,경복궁역 7번출구 앞,종로구 내자동 75-4 　,종로구,,,,,,37.5758502,126.9719775
302,경복궁역 4번출구 뒤,종로구 적선동 8-1 ,종로구,,,,,,37.5758658,126.9728388
303,광화문역 1번출구 앞,종로구 당주동 50,종로구,,,,,,37.5716114,126.9746372
304,광화문역 2번출구 앞,종로구 세종로 84-8 ,종로구,,,,,,37.5722956,126.9774749
305,종로구청 옆,종로구 수송동 147 ,종로구,,,,,,37.5725567,126.9799516
306,광화문역 7번출구 앞,종로구 세종로 1-68,종로구,,,,,,37.571619,126.976754
307,서울역사박물관 앞,종로구 신문로2가 1-389 ,종로구,,,,,,37.569943,126.9713614
308,광화문 S타워 앞,종로구 신문로1가 5-4 ,종로구,,,,,,37.5703425,126.9757526
309,광화문역 6번출구 옆,종로구 세종로 1-81 ,종로구,,,,,,37.5699254,126.9762745
314,국립현대미술관,종로구 사간동 122-2 ,종로구,,,,,,37.5767277,126.9796468
315,신한은행 안국역지점 옆,종로구 안국동 175-91 ,종로구,,,,,,37.5765412,126.9826845
316,종각역 1번출구 앞,종로구 종로1가 54 ,종로구,,,,,,37.5701747,126.9832262
326,안국역 5번출구 앞,종로구 경운동 91-4 ,종로구,,,,,,37.5764111,126.9861992
327,낙원상가 옆,종로구 경운동 49 ,종로구,,,,,,37.5743231,126.9870052
328,탑골공원 앞,종로구 종로2가 34-2 ,종로구,,,,,,37.5703463,126.988619
329,청계2가 사거리 옆,종로구 관철동 13-14 ,종로구,,,,,,37.5690424,126.9876688
333,창덕궁 매표소 앞,종로구 와룡동 5-6,종로구,,,,,,37.5773106,126.9896954
334,종로3가역 2번출구 뒤,종로구 종로3가 10-5 ,종로구,,,,,,37.5703842,126.9920077
335,종로3가역 15번출구 앞,종로구 종로3가 137-3 ,종로구,,,,,,37.5701805,126.9908332
337,창경궁 입구,종로구 와룡동 2-87 ,종로구,,,,,,37.5783561,126.9967062
338,세운스퀘어 앞,종로구 종로4가 32-8 ,종로구,,,,,,37.5706331,126.9967826
339,종로4가 사거리,종로구 종로4가 32-8 ,종로구,,,,,,37.5706331,126.9967826
340,혜화동 로터리,종로구 혜화동 120,종로구,,,,,,37.5855388,127.0009134
341,혜화역 3번출구 뒤,종로구 명륜4가 96-4 ,종로구,,,,,,37.5821288,127.0017153
342,대학로 마로니에공원,종로구 동숭동 1-24 ,종로구,,,,,,37.5801582,127.0022352
343,예일빌딩(율곡로) 앞,종로구 충신동 57-3 ,종로구,,,,,,37.5755373,127.0048656
344,성균관대 E하우스 앞,종로구 충신동 27-28 ,종로구,,,,,,37.5740904,127.0064822
345,서울보증보험본사 앞,종로구 연지동 136-75 ,종로구,,,,,,37.5732246,127.0011606
348,독립문역 사거리,교북동 10-1,종로구,,,,,,37.572027,126.9608546
349,사직동주민센터,사직로9길 5,종로구,,,,,,37.5760163,126.9679914
350,KEB 하나은행(내자동 지점) 앞,사직로8길 39,종로구,,,,,,37.5742161,126.9730562
351,청운초교 앞 삼거리,청운동 108-22,종로구,,,,,,37.5850296,126.9706002
352,중앙고입구 삼거리,창덕궁길 191,종로구,,,,,,37.5831162,126.9853157
353,재동초교 앞 삼거리,종로구 재동 19,종로구,,,,,,37.5793439,126.9849344
354,포르투갈 대사관 앞,창덕궁1길 3,종로구,,,,,,37.5791151,126.988934
355,서울사대부속초교 앞,연건동 178-3,종로구,,,,,,37.5764773,127.0024292
356,KT혜화지사 앞,대학로 65,종로구,,,,,,37.5771147,127.0015173
358,성대입구 사거리,창경궁로 234,종로구,,,,,,37.5824666,126.9985055
359,원남동사거리,율곡로 169,종로구,,,,,,37.574971,126.9981589
361,동묘앞역 1번출구 뒤,숭인동 81-39,종로구,,,,,,37.573841,127.0157571
362,청계8가 사거리,청계천로 407,종로구,,,,,,37.5721712,127.0226721
363,신설동역 11번출구 뒤,숭인동 1311,종로구,,,,,,37.5756817,127.0227983
364,창신역 1번출구 앞,지봉로 87,종로구,,,,,,37.5778868,127.014797
367,독립문역 3번출구 뒤,무악동 41-7 ,종로구,,,,,,37.5737784,126.958685
368,SK 서린빌딩 앞,서린동 93-2,종로구,,,,,,37.569155,126.9803319
369,광화문 시민열린마당,세종로 76-5,종로구,,,,,,37.5754319,126.9784894
385,종각역5번출구,종로구 서린동 26-1,종로구,,,,,,37.5696641,126.9826377
386,올림픽기념 국민생활관 앞,혜화동3-1,종로구,,,,,,37.586755,127.0003554
388,동성중학교 앞,혜화동 56,종로구,,,,,,37.5859317,127.0015649
300,정동사거리,중구 정동 23-20 ,중구,,,,,,37.5678119,126.9695829
310,청계광장 옆,중구 태평로1가 84-1 ,중구,,,,,,37.5683202,126.9773651
311,서울광장 옆,중구 태평로1가 54-3 ,중구,,,,,,37.5661223,126.9776464
312,시청역 1번출구 뒤,중구 태평로2가 353-1 ,중구,,,,,,37.5644536,126.9767128
313,서울역 광장 파출소 옆,중구 봉래동2가 124 ,중구,,,,,,37.5572443,126.9717273
318,광교사거리 남측,중구 다동 2-4 ,중구,,,,,,37.5686352,126.9824389
320,을지로입구역 4번출구 앞,중구 을지로2가 9-7 ,중구,,,,,,37.5660795,126.9839633
321,한국외환은행 본점 앞,중구 을지로2가 181-3 ,중구,,,,,,37.5653501,126.9843218
322,명동성당 앞,중구 명동2가 1-15 ,중구,,,,,,37.5643895,126.9868341
324,신세계백화점 본점 앞,중구 충무로1가 3 ,중구,,,,,,37.5614491,126.9811365
330,청계천 한빛광장,중구 삼각동118,중구,,,,,,37.5682052,126.9840007
331,을지로2가 사거리 북측,중구 을지로2가 65-39 ,중구,,,,,,37.566479,126.9873593
332,을지로2가 사거리 남측,중구 을지로2가 149-10 ,중구,,,,,,37.5661111,126.9867961
336,티마크 호텔 앞,중구 충무로3가 39-2 ,중구,,,,,,37.5622932,126.9929849
346,남평화시장,중구 을지로6가 18-6 ,중구,,,,,,37.5684817,127.0096232
347,동대문역사문화공원역 9번출구 앞,중구 을지로7가 134-2 ,중구,,,,,,37.5652498,127.0075957
370,시청역(2호선) 9번출구 뒤,서소문동 75,중구,,,,,,37.5629297,126.9747109
371,동대입구역 6번출구 뒤,장충동2가 197-4,중구,,,,,,37.5590048,127.0052621
372,약수역 4번출구 뒤,신당동 369-44,중구,,,,,,37.5543795,127.0110164
373,약수 어린이공원,신당동 842-6,중구,,,,,,37.5557938,127.0142131
374,청구역 2번출구 앞,신당동 295-2,중구,,,,,,37.5603185,127.0138535
375,다산 어린이공원,신당동 123-1,중구,,,,,,37.5638328,127.0187446
377,서울역 4번출구 앞,남대문로5가 84-15,중구,,,,,,37.557449,126.9729898
378,청계7가 사거리,흥인동 162-1,중구,,,,,,37.567534,127.0161118
379,서울역9번출구,봉래동2가 125,중구,,,,,,35.0957048,129.0416598
380,CJ제일제당 앞,쌍림동 146-43 ,중구,,,,,,37.5642884,127.002576
381,장충체육관,장충동2가 200-99,중구,,,,,,37.5586783,127.0071498
382,약수역 10번출구 앞,신당동 357-1,중구,,,,,,37.5558248,127.0096301
383,신당역 5번 출구,중구 신당동 99,중구,,,,,,37.5652813,127.0166395
384,종로학원본원 앞,중림동 397,중구,,,,,,37.5601513,126.9681378
387,훈련원공원 주차장 앞,을지로5가 35-6,중구,,,,,,37.5667362,127.0033878
900,은평예술회관,녹번동 85-4,은평구,,,,,,37.6036744,126.927865
901,응암1동사무소,응암동 84-14,은평구,,,,,,37.6016188,126.9270271
902,진관동 은빛초등학교,진관동 45-21,은평구,,,,,,37.6430143,126.9169478
903,은평뉴타운 아이파크,진관동 13-20,은평구,,,,,,37.6460328,126.9270174
904,은평뉴타운 푸르지오,진관동 5-8,은평구,,,,,,37.6484774,126.9304078
905,구파발역 2번출구,진관동 86-31,은평구,,,,,,37.6357367,126.9187076
906,연신내역 5번출구,대조동 207-8,은평구,,,,,,37.616168,126.9194668
907,CJ 드림시티,역촌동 43-11,은평구,,,,,,37.5997741,126.9173326
908,구산역 4번출구,갈현동 536-8,은평구,,,,,,37.6119475,126.9163101
909,백련산 힐스테이트 3차,응암동 761-9,은평구,,,,,,37.6012491,126.9299813
911,은평평화공원(역촌역4번출구),녹번동 153-31,은평구,,,,,,37.6053394,126.9237006
912,응암오거리,응암동 604-5,은평구,,,,,,37.5891371,126.9169998
913,이마트,응암동90-15,은평구,,,,,,37.6003337,126.9195985
914,새절역 2번출구,응암동 610-3,은평구,,,,,,37.5909364,126.9140524
915,증산역 4번출구,증산동 199-8,은평구,,,,,,37.5836921,126.9092563
916,평생학습관 앞,역촌동 15-40,은평구,,,,,,37.6078232,126.9212909
917,녹번역 4번출구,녹번동 55,은평구,,,,,,37.6007017,126.9360048
918,서부경찰서,불광동 260-2,은평구,,,,,,37.6127334,126.9278732
919,서울혁신파크,녹번동 15-2,은평구,,,,,,37.606766,126.9333521
921,신도고등학교,진관동 242-14,은평구,,,,,,37.6297307,126.9191323
922,연신내역 4번출구,대조동 227-2,은평구,,,,,,37.617831,126.9219902
923,국민은행 연서지점,불광동 355,은평구,,,,,,37.6209613,126.925767
924,메뚜기다리,진관동 161-9,은평구,,,,,,37.6288157,126.9298536
925,불광역 2번출구,불광동 285-43,은평구,,,,,,37.609409,126.9308906
926,불광역 8번출구,불광동 276-6,은평구,,,,,,37.611107,126.9295592
927,연신내역 3번출구 인근,불광동 304-5,은평구,,,,,,37.6173749,126.9229653
928,은평역사한옥박물관,진관동 133-29,은평구,,,,,,37.6415138,126.9382285
929,국민은행 응암점,응암동 86-15,은평구,,,,,,37.6009124,126.9240634
930,구 서부경찰서 건너편,역촌동 41-7,은평구,,,,,,37.6017529,126.9203911
931,역촌파출소,역촌동 45-34,은평구,,,,,,37.6053535,126.915297
932,예일여중,연서로 117,은평구,,,,,,37.6101791,126.9151623
933,LG 서비스 역촌점,서오릉로 163,은평구,,,,,,37.6122329,126.9149094
